-- --------------------------------------------------------
-- Host:                         127.0.0.1
-- Server version:               5.6.25-enterprise-commercial-advanced-log - MySQL Enterprise Server - Advanced Edition (Commercial)
-- Server OS:                    Win64
-- HeidiSQL Version:             9.2.0.4947
-- --------------------------------------------------------

/*!40101 SET @OLD_CHARACTER_SET_CLIENT=@@CHARACTER_SET_CLIENT */;
/*!40101 SET NAMES utf8mb4 */;
/*!40014 SET @OLD_FOREIGN_KEY_CHECKS=@@FOREIGN_KEY_CHECKS, FOREIGN_KEY_CHECKS=0 */;
/*!40101 SET @OLD_SQL_MODE=@@SQL_MODE, SQL_MODE='NO_AUTO_VALUE_ON_ZERO' */;

-- Dumping database structure for brahmalingeshwara
CREATE DATABASE IF NOT EXISTS `brahmalingeshwara` /*!40100 DEFAULT CHARACTER SET utf8 */;
USE `brahmalingeshwara`;


-- Dumping structure for table brahmalingeshwara.admincms
CREATE TABLE IF NOT EXISTS `admincms` (
  `Pid` int(11) NOT NULL,
  `PageName` varchar(100) NOT NULL,
  `Content` longtext NOT NULL,
  `language` varchar(2) CHARACTER SET latin1 NOT NULL,
  PRIMARY KEY (`Pid`,`language`)
) ENGINE=InnoDB DEFAULT CHARSET=utf8;

-- Dumping data for table brahmalingeshwara.admincms: ~12 rows (approximately)
/*!40000 ALTER TABLE `admincms` DISABLE KEYS */;
INSERT INTO `admincms` (`Pid`, `PageName`, `Content`, `language`) VALUES
	(1, 'Home', '<p style="text-align: justify;">In the great land of Dakshina Kannada and Udupi district, where \'Nagas\'(the snake god) is religiously worshipped there exist 1600 temples as per the Government records.From the various Daivas(Bhoothas) and Devas(Gods) that exist here, the story of Kananjar Shree Brahmalingeshwara has special importance and sanctity.Kananjar is also called as Kanajar.&nbsp;</p>\r\n<p style="text-align: justify;">If one is coming to the temple from Udupi,one should take the Udupi-Hiriadka-Karkala route.At Gudde Angadi(after Hiriadka) one must take the right turn towards Kananjar village.This temple is three kilometers away from here.One can also approach the temple from the Udupi-Palli-Bailur-Karkala road.Near kananjar church one must take the left turn. From here to the temple is just three kilometers.&nbsp;</p>\r\n<p style="text-align: justify;">&nbsp;</p>\r\n<p style="text-align: justify;">The route to the temple is absolutely mesmerizing with lush green forests and breathtaking mountains untouched yet by modern civilization.Situated in the <span style="background-color: #ffffff;">midst of this scenic beauty stands the temple.Entering the temple one can\'t miss the beautiful architecture that takes you back to more than 850 years ago.&nbsp;</span></p>\r\n<p style="text-align: justify;"><span style="background-color: #ffffff;">&nbsp;</span></p>\r\n<p style="text-align: justify;"><span style="background-color: #ffffff;">The temple has been constructed in accordance with the principles of Vaastu Shastra(the ancient science of architecture) and vinyasa (layout).The \'Garbhagudi\' has been built based on the principles of chaturasra and\'Gajaya Aya\'.As per the system that exists in most temples,every deity has a \'sthana\' (an order of prominence).Similarity ,in this temple the pradhana devatha (main deity) is Shree Brahmalingeshwara, followed by Shree Veerabhadra, Shree Ganapathy , Shree Annapoorneshwari and then Shree Melbanta.</span></p>', 'en'),
	(1, 'ಮುಖಪುಟ', '<p style="text-align: justify;">In the great land of Dakshina Kannada and Udupi district, where \'Nagas\'(the snake god) is religiously worshipped there exist 1600 temples as per the Government records.From the various Daivas(Bhoothas) and Devas(Gods) that exist here, the story of Kananjar Shree Brahmalingeshwara has special importance and sanctity.Kananjar is also called as Kanajar.&nbsp;</p>\r\n<p style="text-align: justify;">If one is coming to the temple from Udupi,one should take the Udupi-Hiriadka-Karkala route.At Gudde Angadi(after Hiriadka) one must take the right turn towards Kananjar village.This temple is three kilometers away from here.One can also approach the temple from the Udupi-Palli-Bailur-Karkala road.Near kananjar church one must take the left turn. From here to the temple is just three kilometers.&nbsp;</p>\r\n<p style="text-align: justify;">&nbsp;</p>\r\n<p style="text-align: justify;">The route to the temple is absolutely mesmerizing with lush green forests and breathtaking mountains untouched yet by modern civilization.Situated in the <span style="background-color: #ffffff;">midst of this scenic beauty stands the temple.Entering the temple one can\'t miss the beautiful architecture that takes you back to more than 850 years ago.&nbsp;</span></p>\r\n<p style="text-align: justify;"><span style="background-color: #ffffff;">&nbsp;</span></p>\r\n<p style="text-align: justify;"><span style="background-color: #ffffff;">The temple has been constructed in accordance with the principles of Vaastu Shastra(the ancient science of architecture) and vinyasa (layout).The \'Garbhagudi\' has been built based on the principles of chaturasra and\'Gajaya Aya\'.As per the system that exists in most temples,every deity has a \'sthana\' (an order of prominence).Similarity ,in this temple the pradhana devatha (main deity) is Shree Brahmalingeshwara, followed by Shree Veerabhadra, Shree Ganapathy , Shree Annapoorneshwari and then Shree Melbanta.</span></p>\r\n<h2>ಮುಖಪುಟ</h2>\r\n<p style="text-align: justify;"><span style="background-color: #ffffff;">&nbsp;</span></p>', 'kn'),
	(2, 'News', '<p><strong>Annual Festival Details</strong><br /><br /></p>\r\n<p><span style="color: #ff6600;">17-12-2013 Saturday</span><br />Muhurtha Bali</p>\r\n<p>&nbsp;</p>\r\n<p><span style="color: #ff6600;">15-12-2013 Sunday</span><br />Dhwajarohana, Rashikai</p>\r\n<p>&nbsp;</p>\r\n<p><span style="color: #ff6600;">16-12-2013 Monday</span> <br />Varasare</p>\r\n<p>&nbsp;</p>\r\n<p><span style="color: #ff6600;">17-12-2013 Tuesday</span><br />Kenda seve, Rangapuje.</p>\r\n<p>&nbsp;</p>\r\n<p><span style="color: #ff6600;">18-12-2013 Wednesday</span><br />Rathothsava</p>\r\n<p>&nbsp;</p>\r\n<p><span style="color: #ff6600;">19-12-2013 Thursday</span> <br />Kavatodghatane, Thulabara, Katte puje</p>\r\n<p>&nbsp;</p>\r\n<p><span style="color: #ff6600;">20-12-2013 Friday</span> <br />Melbanta puje</p>\r\n<p>&nbsp;</p>\r\n<p><span style="color: #ff6600;">21-12-2013 Saturday</span><br />Mari santharpane<br /><br /></p>\r\n<p>Be a member of shashwatha puja seva samithi for performing&nbsp;puja on permanent basis on any of your special occasions and get the blessings of Lord Brahmalingeshwara .</p>\r\n<p style="text-align: justify;">&nbsp;</p>\r\n<p style="text-align: justify;">Annasantharpane(mass feast) is arranged daily&nbsp;during annual uthsav. Proposal is on for starting&nbsp;annasantharpane on every sankramana day. Contribute&nbsp;generously for annasantharpana nidhi.</p>\r\n<p style="text-align: justify;"><br />Payments/Donations may be credited to temples&nbsp;savings account no:01962200002816 with Syndicate&nbsp;Bank Kanajar.</p>', 'en'),
	(2, 'ಸುದ್ದಿ/ವೃತಾಂತ', '<p><strong>Annual Festival Details</strong><br /><br /></p>\r\n<p><span style="color: #ff6600;">17-12-2013 Saturday</span><br />Muhurtha Bali</p>\r\n<p>&nbsp;</p>\r\n<p><span style="color: #ff6600;">15-12-2013 Sunday</span><br />Dhwajarohana, Rashikai</p>\r\n<p>&nbsp;</p>\r\n<p><span style="color: #ff6600;">16-12-2013 Monday</span> <br />Varasare</p>\r\n<p>&nbsp;</p>\r\n<p><span style="color: #ff6600;">17-12-2013 Tuesday</span><br />Kenda seve, Rangapuje.</p>\r\n<p>&nbsp;</p>\r\n<p><span style="color: #ff6600;">18-12-2013 Wednesday</span><br />Rathothsava</p>\r\n<p>&nbsp;</p>\r\n<p><span style="color: #ff6600;">19-12-2013 Thursday</span> <br />Kavatodghatane, Thulabara, Katte puje</p>\r\n<p>&nbsp;</p>\r\n<p><span style="color: #ff6600;">20-12-2013 Friday</span> <br />Melbanta puje</p>\r\n<p>&nbsp;</p>\r\n<p><span style="color: #ff6600;">21-12-2013 Saturday</span><br />Mari santharpane<br /><br /></p>\r\n<p>Be a member of shashwatha puja seva samithi for performing&nbsp;puja on permanent basis on any of your special occasions and get the blessings of Lord Brahmalingeshwara .</p>\r\n<p style="text-align: justify;">&nbsp;</p>\r\n<p style="text-align: justify;">Annasantharpane(mass feast) is arranged daily&nbsp;during annual uthsav. Proposal is on for starting&nbsp;annasantharpane on every sankramana day. Contribute&nbsp;generously for annasantharpana nidhi.</p>\r\n<p style="text-align: justify;"><br />Payments/Donations may be credited to temples&nbsp;savings account no:01962200002816 with Syndicate&nbsp;Bank Kanajar.</p>', 'kn'),
	(3, 'Sthala Purana', '<h2 style="text-align: center;"><strong>Sthala Purana</strong></h2>', 'en'),
	(3, 'ಸ್ಥಳ ಪುರಾಣ', '<h2 style="text-align: center;"><strong>Sthala Purana</strong></h2>', 'kn'),
	(4, 'Doddamane', 'Doddamane', 'en'),
	(4, 'ದೊಡ್ಡಮನೆ', 'Doddamane', 'kn'),
	(5, 'Melbanta Daiva', 'Melbanta-Daiva', 'en'),
	(5, 'ಮೆಲ್ಬಂಟ  ದೈವ', 'Melbanta-Daiva', 'kn'),
	(6, 'Contact Us', '<h3 style="text-align: left;"><em><strong>Shree Brahmalingeshwara Temple</strong></em><br /><em><strong>Kananjar, Karkala Taluk, Udupi Dist.</strong></em><br /><em><strong>Pin:574102</strong></em><br /><em><strong>Ph: 08258 275244</strong></em><br /><em><strong>Mob: 09141502033</strong></em><br /><em><strong>Email:shreebrahmalingeshwara@kanajartemple.co</strong></em></h3>\r\n<p style="text-align: left;"><em>&nbsp;</em></p>\r\n<p style="text-align: left; padding-left: 90px;"><em><strong>OR</strong></em></p>\r\n<h3 style="text-align: left; padding-left: 90px;"><em>&nbsp;</em></h3>\r\n<h3 style="text-align: left;"><em>Nishan Hegde</em><br /><em>Dugganbail House Kananjar, </em><br /><em>Karkala Taluk, Udupi Dist.</em><br /><em>Pin:574102</em><br /><em>Ph: 09663559596</em><br /><em>Email:nishanhegde@kanajartemple.com</em></h3>', 'en'),
	(6, 'Contact Us', 'Contact Us', 'kn');
/*!40000 ALTER TABLE `admincms` ENABLE KEYS */;


-- Dumping structure for table brahmalingeshwara.alldonationdata
CREATE TABLE IF NOT EXISTS `alldonationdata` (
  `RecNo` int(11) NOT NULL,
  `Name` varchar(2000) NOT NULL,
  `Address` varchar(10000) NOT NULL,
  `Amount` double NOT NULL,
  `mobile` varchar(200) NOT NULL,
  `email` varchar(200) NOT NULL,
  `BDate` datetime NOT NULL,
  `Did` int(11) NOT NULL,
  PRIMARY KEY (`RecNo`,`Did`)
) ENGINE=InnoDB DEFAULT CHARSET=utf8;

-- Dumping data for table brahmalingeshwara.alldonationdata: ~446 rows (approximately)
/*!40000 ALTER TABLE `alldonationdata` DISABLE KEYS */;
INSERT INTO `alldonationdata` (`RecNo`, `Name`, `Address`, `Amount`, `mobile`, `email`, `BDate`, `Did`) VALUES
	(1, 'Anusuya B Hegde', 'Doddamane Family Padubidrijfhjfhewh', 501, '', '', '2015-01-03 15:13:02', 1),
	(1, 'Gulabi Poojarthi', 'Kepulu Kanajar', 5000, '', '', '2015-01-03 15:16:14', 2),
	(1, 'Anusuya B Hegde', 'Kanajar Doddamane Padubidri', 450, '9632895644', '', '2015-01-03 15:10:15', 3),
	(1, 'K Chandrashekar Shetty', 'Devarabettu Kanajar', 1000, '', '', '2015-01-04 09:28:38', 4),
	(1, 'Lakshmana Nayak', 'Kelamane Hadankoli Kanajar', 500, '', '', '2015-01-03 20:29:38', 5),
	(1, 'Ravi Varqsqrebakyar', 'cdcds', 100, '', '', '2015-01-05 12:11:49', 6),
	(1, 'Shivraam K Shetty', 'Sai Sagar Koorottu Hiriyadka', 50001, '', '', '2015-01-06 19:01:01', 7),
	(1, 'ಶಂಕರ್ ಕುಂದರ್', 'ಮಡಿಬೆಟ್ಟು ಕಣಜಾರು', 10000, '', '', '2015-12-24 18:42:02', 9),
	(1, 'Keerabettu mane', 'Kanajar', 100, '', '', '2015-12-27 11:32:32', 10),
	(2, 'Raghu Poojary', 'Kalkaru Mane', 1000, '', '', '2015-01-03 20:31:03', 1),
	(2, 'Sukhalatha Prabhakar Shetty And Family', 'Kottrabakyar Kanajar', 5000, '', '', '2015-01-03 15:18:12', 2),
	(2, 'Sukhalatha P Shetty', 'Kottrabyakar Kanajar May 29', 450, '', '', '2015-01-04 10:32:13', 3),
	(2, 'Sudhakar Shetty', 'Mumbai', 3000, '', '', '2015-01-04 10:28:27', 5),
	(2, 'Krishnappa Poojary', 'Kanajar', 100, '', '', '2015-01-05 12:40:08', 6),
	(2, 'Indira Sanjeeva Shetty', 'Kolkebail Kanajar', 55555, '', '', '2015-01-06 19:26:29', 7),
	(2, 'ಬಾಲಕೃಷ್ಣ ಹೆಗ್ಡೆ ಮತ್ತು ಮನೆಯವರು', 'ತೆಂಕುಮನೆ, ಕಣಂಜಾರು', 20000, '', '', '2015-12-24 18:50:46', 9),
	(2, 'Shekar Poojary', 'Honiyal', 100, '', '', '2015-12-27 12:42:55', 10),
	(3, 'Chandra Nayak', 'Kavatodghatane Dinada Sharabaththina Bagge Chandra Nilaya, Abdul Kalam Rasthe Kanajar', 2000, '', '', '2015-01-03 21:23:35', 1),
	(3, 'Leela Heggdthi Mattu Makkalu', 'Kudigrama', 5000, '', '', '2015-01-03 15:19:13', 2),
	(3, 'K Vittal Shetty', 'SriRam Tilers Katipalla 11 May', 450, '934280662', '', '2015-01-04 11:32:11', 3),
	(3, 'Devadas Shetty', 'Keladevasya Kanajar', 2000, '', '', '2015-01-04 10:34:15', 5),
	(3, 'Shambu Poojary', 'Maapunja Kanajar', 100, '', '', '2015-01-06 10:54:06', 6),
	(3, 'Sujatha Narayan', 'Bangalore ( Thirthahalli)', 12501, '9343946939', '', '2015-01-07 09:51:48', 7),
	(3, 'ಸ್ಮಿತಾ ಚಂದನ್ ಹೆಗ್ಡೆ', 'ಪಟೇಲರ ಮನೆ', 10000, '', '', '2015-12-24 18:52:43', 9),
	(3, 'Srinivas Prabhu', 'Hadankoli', 100, '', '', '2015-12-27 13:04:44', 10),
	(4, 'Raghu Sanil', 'Udyavara Udupi', 501, '', '', '2015-01-04 09:33:30', 1),
	(4, 'Avinash Shankara Poojari', 'Mapunja Kanajar', 5000, '', '', '2015-01-03 15:19:51', 2),
	(4, 'Raghavendra Shetty', 'Sannamundabettu Guttu  384 8th May', 450, '', '', '2015-01-04 14:23:40', 3),
	(4, 'Shantha Poojary Mattu Makkalu Mattu Mommakalu', 'Sapathagiri Kadaberke Kanajar', 3000, '', '', '2015-01-04 10:43:07', 5),
	(4, 'Shekar Shetty ', 'Doddamane Kanajar', 100, '', '', '2015-01-06 11:09:51', 6),
	(4, 'Late.Pushvathi Daba Shetty Yavara Maga  Dayananda Hegde Mumbai', 'Paniyur Total Rs.51000 Balance(26000) will be credited later', 25000, '09821233769', '', '2015-01-07 16:33:14', 7),
	(4, 'ಶೇಕರ ಶೆಟ್ಟಿ', 'ದೊಡ್ಡಮನೆ', 2000, '', '', '2015-12-24 18:54:49', 9),
	(4, 'Krishnappa Poojary', 'Keerottu', 100, '', '', '2015-12-28 12:43:45', 10),
	(5, 'Venkappa Masther', 'Kirabettu Kanajar', 100, '', '', '2015-01-04 10:26:06', 1),
	(5, 'Gulabi Balakrishna Hegde', 'Thenkumane Kanajar', 10500, '', '', '2015-01-03 20:32:34', 2),
	(5, 'Shusheela N Shetty', 'SannamundaBettu Guttu 258 18th MAY', 450, '', '', '2015-01-04 14:25:19', 3),
	(5, 'Shantha Poojary Mattu Makkalu Mattu Mommakalu', 'Sapathagiri Kadaberke Kanajar Melbanta Devarige', 500, '', '', '2015-01-04 10:46:07', 5),
	(5, 'Sampa Poojary', 'Kirabettu', 100, '', '', '2015-01-07 11:57:59', 6),
	(5, 'Karan Shetty', 'Kadeberke Kanajar(Gujarat)', 25000, '', '', '2015-12-26 11:33:10', 7),
	(5, 'ಬಾಲಕೃಷ್ಣ ಶೆಟ್ಟಿ', 'ಶಾಂತಿಬೆಟ್ಟು', 2000, '', '', '2015-12-24 18:56:44', 9),
	(6, 'K Vittal Shetty And Family', 'Katipalla', 1050, '', '', '2015-01-04 11:33:31', 1),
	(6, 'Smitha Naveen Rai', 'Kanajar', 6000, '', '', '2015-01-04 10:06:50', 2),
	(6, 'P Krishna Yashoda Shetty', 'Sri Daada Bhai Complex Badlapur Maharashtra 18th May', 450, '', '', '2015-01-04 14:27:54', 3),
	(6, 'Seetha Shesu Shetty Smaranartha Makkalu Mattu Mommakalu', 'Madibettu Kanajar', 2500, '9986209958', '', '2015-01-04 10:48:09', 5),
	(6, 'Srinivas Nayak ', 'Bagibettu', 100, '', '', '2015-01-08 12:51:00', 6),
	(6, 'ಸುಶೀಲಾ ಕೃಷ್ಣ ಪೂಜಾರಿ', 'ಶಾಂತಿಬೆಟ್ಟು ದರ್ಕಾಸು', 5000, '', '', '2015-12-24 19:25:56', 9),
	(7, 'Kariya Kumar', 'Kanajar', 500, '', '', '2015-01-04 11:50:03', 1),
	(7, 'Gulabi Jaya Shetty', 'Keladevasya Kanajar', 5000, '', '', '2015-01-04 10:10:53', 2),
	(7, 'Lokanaath N Shetty', 'MIDC Dombivi 23th March', 450, '', '', '2015-01-04 14:33:16', 3),
	(7, 'Anil Poojary', 'Chandravathi Auto Kanajar', 1000, '', '', '2015-01-04 14:43:10', 5),
	(7, 'Mahesh Hegde', 'Devasya Mane', 7000, '', '', '2015-12-26 00:02:03', 9),
	(8, 'Ramakrishna Shetty ', 'Botta Neere', 500, '', '', '2015-01-04 12:03:18', 1),
	(8, 'Prema Raghu Shetty', 'Thenkumane Kanajar', 10000, '', '', '2015-01-04 10:14:13', 2),
	(8, 'Varija ', 'Mangalore', 450, '', '', '2015-01-04 14:51:16', 3),
	(8, 'Sudheesh ', 'Near Syndicate Bank Kanajar', 3000, '', '', '2015-01-04 14:46:40', 5),
	(8, 'ದಿನೇಶ್ ಹೆಗ್ಡೆ', 'ದೊಡ್ದಮನೆ', 500, '', '', '2015-12-26 02:23:01', 9),
	(9, 'Sadananda Kulal', 'Kanajar', 200, '', '', '2015-01-04 12:10:29', 1),
	(9, 'Sindhu Saphalthi', 'Kanajar', 5000, '', '', '2015-01-04 10:17:46', 2),
	(9, 'Sandeep ', 'Mangalore', 450, '', '', '2015-01-04 14:51:50', 3),
	(9, 'Prema Shrinivasa Acharya', 'Near Brahmalingeshwara Temple Kanajar', 1500, '', '', '2015-01-04 15:44:15', 5),
	(9, 'ವಿಟ್ಟಲ ಶೆಟ್ಟಿ', 'ಮೂಡಬೆಟ್ಟು', 5000, '', '', '2015-12-26 11:04:42', 9),
	(10, 'Vasudev N nayak', 'Ganesh Nivas Kandalke Kawdoor', 2000, '', '', '2015-01-04 14:04:48', 1),
	(10, 'Dyarabakyar Maneyavaru', 'Kanajar', 5000, '', '', '2015-01-04 10:19:40', 2),
	(10, 'Lokesh', 'Kanajar  21 Aug', 450, '', '', '2015-01-04 14:53:09', 3),
	(10, 'Latha Anandh Poojary', 'Kanajar', 501, '', '', '2015-01-05 12:15:49', 5),
	(10, 'ದೇವಶ್ಯ ಮನೆಯವರು', 'ದೇವಶ್ಯ ಕಣಜಾರು', 7000, '', '', '2015-12-27 12:24:10', 9),
	(11, 'Sri Lokanaath Shetty', 'MIDC Mumbai', 1001, '', '', '2015-01-04 14:21:03', 1),
	(11, 'K Haridas Hegde', 'Dugganabailu Mane Kanajar', 10000, '', '', '2015-01-04 10:21:46', 2),
	(11, 'Dayananda Shetty', 'Tenkumane', 450, '', '', '2015-01-04 15:03:16', 3),
	(11, 'Shakunathala Suresh Amin', 'Kanajar', 501, '', '', '2015-01-05 12:18:06', 5),
	(11, 'Bharath Shetty & Family', 'Shanthibettu', 5000, '', '', '2015-12-27 14:09:10', 9),
	(12, 'Sherigarabettu Kowdoor', 'Kowdoor', 500, '', '', '2015-01-05 10:23:32', 1),
	(12, 'Chandrashekar V Suvarana', 'Kirabettu Kanajar', 5000, '', '', '2015-01-04 10:23:42', 2),
	(12, 'Prema shetty', 'Tenkumane', 450, '', '', '2015-01-04 15:03:59', 3),
	(12, 'Girija Shetty', 'Keladevasya Kanajar', 100, '', '', '2015-01-05 12:35:18', 5),
	(12, 'ವಿಶ್ವನಾಥ ಶೆಟ್ಟಿ', 'ಶಾಂತಿಬೆಟ್ಟು', 2000, '', '', '2015-12-27 15:47:18', 9),
	(13, 'Nithin Kumar Shetty', 'Hosmar Yerlapadi', 1000, '', '', '2015-01-05 12:27:39', 1),
	(13, 'Pradeep Poojary', 'Kanajar', 10000, '', '', '2015-01-04 10:30:07', 2),
	(13, 'lalitha T Shetty', 'Tenkumane', 450, '', '', '2015-01-04 15:04:34', 3),
	(13, 'Leela Shetty ', 'Kolakebailu Kanajar', 1500, '', '', '2015-01-05 12:57:05', 5),
	(14, 'Krishnappa Poojary', 'Kanajar', 100, '', '', '2015-01-05 12:41:12', 1),
	(14, 'Shashikaanth Shetty', 'Devarabettu Kanajar', 5000, '', '', '2015-01-04 14:09:42', 2),
	(14, 'Bhaskar Shetty', 'Tenkumane', 450, '', '', '2015-01-04 15:06:45', 3),
	(14, 'Sushila And Mahabala Saliyan And Family', 'Ayaremane Kanajar', 4000, '', '', '2015-01-05 13:22:30', 5),
	(15, 'Udaya Shetty', 'Suprabha Nilaya Kowdoor', 500, '', '', '2015-01-05 13:02:51', 1),
	(15, 'Shree Raveendra Shetty Ivara Smaranaartha', 'Hosamane Kanajar', 5000, '', '', '2015-01-04 14:14:52', 2),
	(15, 'Sagar Sakshi Hegde', 'Udupi', 450, '', '', '2015-01-04 21:11:16', 3),
	(15, 'Manjula Poornesh', 'Theerthhalli', 1000, '', '', '2015-01-05 18:54:01', 5),
	(16, 'Swathi Welding Shop ', 'Maruthi Nagar Hangerkatte', 550, '', '', '2015-01-05 13:47:51', 1),
	(16, 'Shakuntala Shetty', 'Kolkebail Kanajar', 5000, '', '', '2015-01-04 19:36:21', 2),
	(16, 'Amani Shedthi', 'Kowdoor Yeliyal Mududuganabettu Krishnami Nivasa Ranganpalke Post 14 Aug', 450, '', '', '2015-01-05 11:37:37', 3),
	(16, 'Vivan SK', 'Madibettu Kanajar', 1000, '', '', '2015-01-05 22:32:05', 5),
	(17, 'Shriya Shetty', 'Half Ltr Ghee', 200, '', '', '2015-01-05 20:39:26', 1),
	(17, 'Bhujanga Shetty Mattu Makkalu', 'Berke House Kanajar', 7000, '', '', '2015-01-04 20:00:20', 2),
	(17, 'Mohith Shetty', 'Kottrabakyar Rayachur 30 Sep', 450, '', '', '2015-01-05 12:25:57', 3),
	(17, 'Jayaram ', 'Forest Dpt ', 1000, '', '', '2015-01-06 10:13:16', 5),
	(18, 'Jayakar Shetty', 'Moodubettu', 200, '', '', '2015-01-05 20:48:09', 1),
	(18, 'Jaganath Shetty', 'Shanthibettu Kanajar', 5000, '9141044024', '', '2015-01-05 10:25:54', 2),
	(18, 'Vijaya Shetty', 'Kolakebailu Kanajar Prasent Puje June To Be Corrected Aug 05', 450, '', '', '2015-01-05 12:55:45', 3),
	(18, 'Gopal Poojary ', 'Volabail Maapunja', 1000, '', '', '2015-01-06 10:20:01', 5),
	(19, 'Vijayalaxmi', 'Near Angadi', 150, '', '', '2015-01-05 21:37:08', 1),
	(19, 'Akshatha Dinesh Shetty', 'Dodderangadi', 5000, '', '', '2015-01-05 11:39:46', 2),
	(19, 'Manjula Poornesh', 'Koodumallige Theerthahalli', 450, '9480467294', '', '2015-01-05 18:50:57', 3),
	(19, 'Sri Laxmi Santhosh Hegde', ' Chetana Sadana Kanajar', 2700, '', '', '2015-01-06 11:52:04', 5),
	(20, 'Prema', 'Near Angadi', 150, '', '', '2015-01-05 21:37:32', 1),
	(20, 'Kamala Shedthi ', 'Durga Kamala Nivasa Kanajar', 10000, '', '', '2015-01-05 13:14:22', 2),
	(20, 'Ganapathi Vitoba Naik', 'Recpt. No. 841 Batra House Shimogh', 450, '9886614889', '', '2015-01-05 18:52:41', 3),
	(20, 'Sathish Hegde', 'Chetana Sadana Kanajar', 2500, '', '', '2015-01-06 11:53:53', 5),
	(21, 'Rajali', 'Kampaan', 510, '', '', '2015-01-05 23:10:26', 1),
	(21, 'Smt. Vinoda S Shetty', 'Sri Hosamane Kanjar', 6100, '', '', '2015-01-05 13:30:07', 2),
	(21, 'Risha  Girish Shetty', '"SURABHI" Mahani Nagar\r\nSaudatti - Road\r\nDharawad - 580 006\r\n04/02/782\r\n', 450, '9845600602', '', '2015-01-05 21:05:53', 3),
	(21, 'Shobha Shetty', 'Neere Bhadraguttu', 3000, '', '', '2015-01-06 12:58:45', 5),
	(22, 'Sathish Devadiga Pune', 'Utsava Amantrana Patrike Mudranada Bagge', 10000, '', '', '2015-01-06 10:48:18', 1),
	(22, 'Ramesh Kulal ', 'Darkash Kanajar', 5000, '', '', '2015-01-05 14:26:54', 2),
	(22, 'Sri. Surendra Shetty', '"Surabhi Nilaya"\r\nSavadatti Road Mahant Nagar\r\nDharwad - 580 001\r\n19/03/212\r\n', 450, '0836 2442337', '', '2015-01-05 21:12:10', 3),
	(22, 'Sujatha Narayan ', 'Bangalore', 1001, '', '', '2015-01-06 18:58:08', 5),
	(23, 'Gundu Shetty ', 'Tenkumane Kanajar', 500, '', '', '2015-01-06 11:30:52', 1),
	(23, 'Sri Pradeep Shetty', 'Kolkebail Kanajar', 8000, '', '', '2015-01-05 19:26:45', 2),
	(23, 'K.Krishna Hegde', 'Jyothi Prabha Kanajar 15Pooje ', 6750, '8970163559', '', '2015-01-05 21:57:14', 3),
	(23, 'Raviraaj Shetty', 'Rajashree 82 Kudi', 1000, '', '', '2015-01-06 21:36:57', 5),
	(24, 'Gulaabi Kadeberke', '2kg Akki Koduvike Bagge', 60, '', '', '2015-01-06 11:39:26', 1),
	(24, 'Dayananda Shetty ', 'Koppala Kanajar', 10000, '', '', '2015-01-05 19:36:27', 2),
	(24, 'Smt. Susheela Raju Shetty', 'Kallottu Mane Kawdoor Post Bailur Karkala TQ', 450, '', '', '2015-01-06 09:54:14', 3),
	(24, 'Shailaja Shetty', 'Mathruprabha House Punar Belman', 1000, '', '', '2015-01-06 23:08:32', 5),
	(25, 'Shankar Shetty ', 'Guddeyangadi', 250, '', '', '2015-01-06 12:03:42', 1),
	(25, 'Kananjar Doddamane Bukki Heggdthi', 'Maththu Makkalu', 20500, '', '', '2015-01-05 23:52:22', 2),
	(25, 'Sri. Shekhar M. Shetty', '"Ashish House" #11\r\nBankers Colony, R.N. Shetty Main Road\r\nOld Hubli-580024\r\n28/01/835                                09902132836\r\n', 450, '', '', '2015-01-06 10:15:12', 3),
	(25, 'Prakash Hegde', 'Kanajar', 1000, '', '', '2015-01-07 11:57:02', 5),
	(26, 'Hema Shekar Shetty', 'Hosamane', 1000, '', '', '2015-01-06 12:56:20', 1),
	(26, 'Sri KARAN SHETTY ', 'Kadaberke (Daman)', 11000, '', '', '2015-01-06 11:16:22', 2),
	(26, 'Sri. Karan R. Shetty', 'Nikethan Villa\r\nBanglow No-2, Dunetha - Nani \r\nDaman - 396 210 (U.T)\r\n01/01/767                                        09979766555\r\n', 450, '', '', '2015-01-06 11:40:31', 3),
	(26, 'Chandrashekar Mada', 'Bailoor', 2000, '', '', '2015-01-07 12:31:41', 5),
	(27, 'Prasanna K Nayak ', 'Kanajar Jaddu', 1000, '', '', '2015-01-06 13:25:59', 1),
	(27, 'Sri Shekar M. Shetty', 'Hotel Ashraya  Hubli (Hosavaklu)', 15555, '', '', '2015-01-06 11:54:56', 2),
	(27, 'Smt. Rajeevi Prasanna Shetty', '"Munshir Estate", Surya Devasthana Post\r\nShivapura,Koppa taluk Chikkamagalore Dist. 17/06/417\r\n', 450, '', '', '2015-01-06 11:42:52', 3),
	(27, 'Sathish R Raheshwari', '.', 501, '', '', '2015-01-07 12:49:41', 5),
	(28, 'AnandaShetty', 'HosaMane Kawdoor ', 250, '', '', '2015-01-06 13:35:51', 1),
	(28, 'Kiran Shetty ', '"Nalinikethana" Kanajar', 20000, '', '', '2015-01-06 13:11:02', 2),
	(28, 'Prataap Poojary', '"Blue Bird" Bar & Restaurent\r\nRastha Peth 508 Near Apollo\r\nTheatre, Pune-11 ,Pimpri 411001\r\n11/03/798', 450, '', '', '2015-01-06 11:50:45', 3),
	(28, 'Chethana', 'Kolakebailu', 500, '', '', '2015-01-07 12:50:11', 5),
	(29, 'Lalitha Jagannath Shetty Mattu Makkalu', 'Kanajar', 1100, '', '', '2015-01-06 13:36:49', 1),
	(29, 'Sanjeeva Shetty', 'Kolkebail kanajar', 10000, '', '', '2015-01-06 13:17:56', 2),
	(29, 'Smt. Namitha Ananda Kotain', 'Haadimane, Attur Doopadakatte Post Karkala T.Q Udupi 14/12/844\r\n', 450, '9686141603', '', '2015-01-06 12:09:01', 3),
	(29, 'Vinay Shetty', 'Kawdoor', 1000, '', '', '2015-01-07 12:54:49', 5),
	(30, 'Sadananda Shetty', 'Yerlapaadi Shettibettu', 1000, '', '', '2015-01-06 13:37:40', 1),
	(30, 'Indira Ravi Shetty', 'Kepul, Kanajar', 11000, '', '', '2015-01-06 17:58:08', 2),
	(30, 'Shashi kumari ', 'Nadai Kanajar', 400, '', '', '2015-01-06 12:42:49', 3),
	(30, 'Suresh Shankar Shetty', 'Rathna Kutira Belman', 3000, '', '', '2015-01-07 13:18:51', 5),
	(31, 'Jayakar Shetty', 'Mairmady', 501, '', '', '2015-01-06 13:40:08', 1),
	(31, 'Rathan Shetty ', 'Kadeberke Kanajar', 5000, '', '', '2015-01-06 19:29:42', 2),
	(31, 'Sadhu Shetty', 'Vyshali Pune', 450, '', '', '2015-01-06 13:00:22', 3),
	(31, 'Laxman Nayak', 'Hadonkoli', 500, '', '', '2015-12-23 19:58:21', 5),
	(32, 'Baalakrishna Shetty', 'Narsamma Nivaas', 1000, '', '', '2015-01-06 19:06:24', 1),
	(32, 'Sudharshan Hegde', 'Kelaparari Kanajar', 5000, '', '', '2015-01-07 11:00:44', 2),
	(32, 'Umavathi hegde', '8971706765', 450, '', '', '2015-01-06 13:15:21', 3),
	(32, 'ಗುಲಾಬಿ', 'Dharkas Kanajar', 500, '', '', '2015-12-24 11:48:24', 5),
	(33, 'Prakaash hegde', 'byndina Bagge', 100, '', '', '2015-01-06 19:08:20', 1),
	(33, 'Deviprasad Shetty', 'Manjunatha Nilaya Berke Kanajar', 5000, '', '', '2015-01-07 11:02:23', 2),
	(33, 'Mithra Chandrahas Shetty', 'Mumbai 8767366435', 450, '', '', '2015-01-06 13:34:05', 3),
	(33, 'ಅನಿಲ್ ಪೂಜಾರಿ', 'Chandravathi auto kanajar', 1000, '9480468938', '', '2015-12-24 13:13:40', 5),
	(34, 'Jaya Shetty ', 'Susheela Nivas Dharkaas', 1000, '', '', '2015-01-06 21:20:13', 1),
	(34, 'Boja Naraya Poojary ', 'Kanthanamajalu', 10000, '', '', '2015-01-07 11:32:57', 2),
	(34, 'Shanthibettu Family', '21 Pooje (List Attached) Bharath Shashikaanth Jayaram- Shetty ', 9450, '9869237387', '', '2015-01-06 13:48:06', 3),
	(34, 'ಅನ೦ದ ಶೆಟ್ಟಿ', 'ಶ್ರೀ ನಿಲಯ ಮಡಿಬೆಟ್ಟು', 2500, '', '', '2015-12-24 15:23:16', 5),
	(35, 'Praveesh Shetty', 'Prakrithi Bailur', 1050, '', '', '2015-01-06 22:17:39', 1),
	(35, 'Sumathi Shetty Mattu Makkalu', 'Shanthibettu', 15000, '', '', '2015-01-07 12:32:36', 2),
	(35, 'Sri. K. Vishwanath Hegde', '#1/7,"Shiva Poojan Shukla Chawl"\r\nKulkarniwadi, Subhash Nagar,Asalpa \r\nGhatkopar (West) Mumbai - 400 084\r\n21/05/060     \r\npreetham_hegde@hotmail.com\r\n', 450, '', '', '2015-01-06 14:19:43', 3),
	(35, 'Dinesh Shetty', 'Dondarangadi', 2000, '9686434105', '', '2015-12-25 11:25:25', 5),
	(36, 'Jagadish Hegde ', 'Kanajar', 500, '', '', '2015-01-06 22:26:19', 1),
	(36, 'Sachhidananda Shetty', 'Kadeberke Kanajar', 5000, '', '', '2015-01-07 12:51:42', 2),
	(36, ' Seema Sainath Shetty', 'B-306, "Mayur Tower"\r\nMilitary Road, Marol\r\nAndheri (E), Mumbai - 400 059\r\n30/01/481\r\n', 450, '', '', '2015-01-06 14:21:27', 3),
	(36, 'ಅಂಕಿತ', 'ನೀರೆ', 1000, '9741941640', '', '2015-12-25 12:05:15', 5),
	(37, 'Bhaskar Shetty ', 'Hotel Sainath Mumbai', 2600, '9699590551', '', '2015-01-07 11:36:22', 1),
	(37, 'Dr. Y S Shetty', 'Mumbai', 25000, '', '', '2015-01-07 14:51:08', 2),
	(37, 'Umakanth Bhat', 'Jan 16th, ', 450, '', '', '2015-01-06 18:24:47', 3),
	(37, 'ಸುಕೇಶ್ ಪೂಜಾರಿ', 'ಯರ್ಲಾಪಾಡಿ', 1000, '', '', '2015-12-25 12:03:45', 5),
	(38, 'Jaya Poojary ', 'Ayare House Kanajar', 500, '', '', '2015-01-07 11:37:21', 1),
	(38, 'Devashya Mane Family', 'Devashya House kanajar', 20000, '', '', '2015-01-07 15:03:42', 2),
	(38, 'Smt. Sujatha K.T.', 'C/o. Sumangala Seva Ashram\r\nChadanayakanaHalli, P.O.R. T. Nagar\r\nBangalore-560 032 28/02/190\r\n', 450, '', '', '2015-01-06 19:13:18', 3),
	(38, 'ಸುಶೀಲ ಸುವರ್ಣ, ಐತದಬಾಕ್ಯಾರು', 'ಇ', 2000, '', '', '2015-12-25 14:02:41', 5),
	(39, 'Raju Poojary', 'Honiyal', 1000, '', '', '2015-01-07 11:51:03', 1),
	(39, 'Bhasker L Shetty', 'Mumbai', 41000, '', '', '2015-01-07 17:15:51', 2),
	(39, 'Girija Nagaraj Shetty', 'Sigidalu Addada Post Koppa Taluk Chikamagaluru Dist 577126 ', 450, '', '', '2015-01-07 10:00:42', 3),
	(39, 'ರೋಹಿತ್ ನಾಯಕ್', 'ಕಂಡೊಲ್ಕೆ', 2000, '', '', '2015-12-25 14:10:06', 5),
	(40, 'Sampa Poojary', 'Kirabettu Kanjar', 100, '', '', '2015-01-07 11:58:49', 1),
	(40, 'Meenalakshani Adyanthaya', '" MUMMY & ME" Court Road Udupi-576 101 ', 20000, '8970099347', '', '2015-01-08 20:24:08', 2),
	(40, 'Nagarathna Ramanna Shetty Makkimane', 'Thandamundi Makkimane', 450, '', '', '2015-01-07 10:04:33', 3),
	(40, 'ರಾಮಕೃಷ್ಣ ಹೆಗ್ಡೆ', 'ಶ್ರೀ ಹೊಸಮನೆ', 1000, '', '', '2015-12-25 14:13:19', 5),
	(41, 'Kishor Shetty', 'Suma Nilaya Near High School Bailoor', 251, '', '', '2015-01-07 12:17:33', 1),
	(41, 'Gulabi Balakrishna Hegde and Childrens', 'Thenkumane Kanajar', 10500, '', '', '2015-12-24 11:40:49', 2),
	(41, 'Gopa Poojary', 'Kirabettu ', 450, '', '', '2015-01-07 10:17:04', 3),
	(41, 'ಶಾಂತ ಶೇಖರ್ ಶೆಟ್ಟಿ', 'ನೀರೆ ರಾಮಾಕ್ಯಾರ್', 250, '', '', '2015-12-25 19:17:11', 5),
	(42, 'Boja Shetty', 'Kowdoor', 100, '', '', '2015-01-07 12:19:08', 1),
	(42, 'Sukanand', 'Dharabyakaru Mane Kanajar', 6100, '7738193661', 'sudish_k@yahoo.co.in', '2015-12-24 13:30:05', 2),
	(42, 'Mohandas S Shetty', 'Hotel Sadanand Bar And Resturent Bombay 10 13 Mar', 450, '', '', '2015-01-07 10:36:28', 3),
	(42, 'Melmudbettu, Kelamudubettu, Gappadabailu', 'Kanajar', 1001, '9967346112', '', '2015-12-25 19:45:42', 5),
	(43, 'Pradeep Shetty Kolekebailu', 'Akkiya Bagge', 1100, '', '', '2015-01-07 12:21:52', 1),
	(43, 'Sushila Mahabal Salian & Family', 'Ayare House Kanajar', 5100, '9769468916', 'manohar.poojari69@gmail.com', '2015-12-24 13:39:22', 2),
	(43, 'Sampoorna Shetty', '06/12/422', 450, '', '', '2015-01-07 11:09:58', 3),
	(43, 'ಗೀರಿಜಾ ಶೆಟ್ಟಿ', 'ಕೆಲದೆವಸ್ಯ ಕಣಜಾರು', 100, '', '', '2015-12-25 19:48:05', 5),
	(44, 'Manohar ', 'Makarajyothi Mane Kampan Kowdoor', 1000, '', '', '2015-01-07 12:22:58', 1),
	(44, 'Shashikantha Shetty', 'Devarabettu Kanajar', 6100, '', '', '2015-12-24 14:06:29', 2),
	(44, 'Sidvin Shetty', '03/05/698', 450, '', '', '2015-01-07 11:10:35', 3),
	(44, 'Lalitha Thimmappa Shetty and Family', 'Thenkumane Kanajar', 1005, '9922892487', '', '2015-12-25 20:56:59', 5),
	(45, 'Arya', '4 Thinginakayi Thulabarada Bagge', 60, '', '', '2015-01-07 12:24:54', 1),
	(45, 'ಸುಧರ್ಶನ್ ಹೆಗ್ದೆ', 'ಕೆಳಪರಾರಿ ಕಣ೦ಜಾರು', 5000, '', '', '2015-12-24 14:55:49', 2),
	(45, 'N Vishwanath Shetty', 'Ninjoor', 450, '', '', '2015-01-07 11:29:02', 3),
	(45, 'ಮಂಜುಳ ಪೂರ್ನೆಶ್', 'ಅರೆಬೈಲ್', 1000, '', '', '2015-12-26 18:58:21', 5),
	(46, 'Girija ', 'Manikumer', 500, '', '', '2015-01-07 12:30:36', 1),
	(46, 'ಪ್ರದೀಪ ಪೂಜಾರಿ', 'ಕಣಜಾರು', 5000, '', '', '2015-12-24 20:12:39', 2),
	(46, 'Pramoda D Shetty', 'Majooru', 450, '', '', '2015-01-07 11:34:56', 3),
	(46, 'ಪ್ರೇಮ ಶೇಕರ ಶೆಟ್ಟಿ', 'ಕನ್', 500, '', '', '2015-12-26 19:03:06', 5),
	(47, 'Chitra Nayak', '.', 101, '', '', '2015-01-07 12:33:03', 1),
	(47, 'ಜಗನ್ನಾಥ ಶೆಟ್ಟಿ', 'ಶಾಂತಿಬೆಟ್ಟು ಕಣಜಾರು', 10000, '', '', '2015-12-25 11:06:20', 2),
	(47, 'Prakash A Hegde', 'Andheri Mumbai', 450, '', '', '2015-01-07 11:48:58', 3),
	(47, 'Jayanthi', 'Moodubelle', 1001, '', '', '2015-12-26 19:35:56', 5),
	(48, 'Sumanth Acharya', 'Thulabarada Bagge ', 80, '', '', '2015-01-07 12:50:49', 1),
	(48, 'ಭುಜಂಗ ಶೆಟ್ಟಿ', 'ಬೆರ್ಕೆ ಮನೆ, ಕಣಜಾರು', 10110, '9900584030', 'manju88_shetty@rediffmail.com', '2015-12-25 12:13:45', 2),
	(48, 'Lalitha Hegdathi', 'Kalthuru Sulli House', 450, '9449236429', '', '2015-01-07 11:50:13', 3),
	(48, 'Sujatha Narayan', 'Bangalore', 3570, '', '', '2015-12-26 19:39:08', 5),
	(49, 'Sudheer Shetty', 'Rathada Hoovina Bagge', 5000, '', '', '2015-01-07 12:53:46', 1),
	(49, 'Appu Leela Shetty', 'Kolakebailu', 5000, '', '', '2015-12-25 12:57:41', 2),
	(49, 'Sathishchandra Hegde', 'Andaar', 0, '', '', '2015-01-07 12:08:08', 3),
	(49, 'Ananda Poojary', 'Kanajar', 1000, '', '', '2015-12-26 21:21:23', 5),
	(50, 'K Ramachandra Prabhu', 'Kandalke Kawdoor', 300, '', '', '2015-01-07 12:55:51', 1),
	(50, 'ವಿನೋದ ಎಸ್ ಶೆಟ್ಟಿ', 'ಶ್ರೀ ಹೊಸಮನೆ', 6100, '', '', '2015-12-25 14:11:40', 2),
	(50, 'Jyothi J Shetty', 'Bharathi Bhavan Plot No 357 12/C Lilashanagar Gandhidaam  Gujarath 370201', 450, '02896-233709 Mob. 09429041262', '', '2015-01-07 12:10:54', 3),
	(50, 'ಕೃಷ್ನ ಶೇಖರ್ ಮಡಿವಾಳ', 'ಕಲ್ಕಾರು', 2000, '', '', '2015-12-27 09:34:45', 5),
	(51, 'Boja Poojary', 'Neere', 101, '', '', '2015-01-07 12:58:31', 1),
	(51, 'ಮೈನಾ ಹೆಗ್ಡೆ', 'ನೀರೆ ಪೆರಿಮಾರಿಗುತ್ತು', 5000, '', '', '2015-12-25 14:27:42', 2),
	(51, 'Premavathi Hegde', 'Doddamane Kanajar ( 2 Pooje)', 900, '', '', '2015-01-07 12:29:51', 3),
	(51, 'Suraj Jha', 'Mumbai', 1000, '9821559588', 'jhasuraj@gmail.com', '2015-12-27 10:19:05', 5),
	(52, 'Ganesh Kulal', 'Athuru', 500, '', '', '2015-01-07 13:12:35', 1),
	(52, 'ಕೆ ಹರಿದಾಸ್ ಹೆಗ್ಡೆ', 'ದುಗ್ಗಣಬೈಲು ಕಣಜಾರು', 10000, '9482033351', 'haridash.hegde54@gmail.com', '2015-12-25 21:06:12', 2),
	(52, 'Akkani Heggadthi', 'Berke Kanjar (Sep 29)', 450, '', '', '2015-01-07 12:42:34', 3),
	(52, 'Dr. Ananda Shetty', 'Chitpady Udupi', 550, '', '', '2015-12-27 12:43:31', 5),
	(53, 'Ravi S Shetty', 'Belman ', 2000, '', '', '2015-01-07 13:20:14', 1),
	(53, 'Indira Sanjiva Shetty', 'Kolakebailu Kanajar', 15000, '', '', '2015-12-25 22:03:43', 2),
	(53, 'Shashikala ', 'Kanthavara (June 30)', 450, '', '', '2015-01-07 12:43:38', 3),
	(53, 'Krishna Nayak', 'Hadankoli', 2000, '', '', '2015-12-27 13:16:25', 5),
	(54, 'K Babu', 'Aranya Ilake', 500, '', '', '2015-01-07 13:24:42', 1),
	(54, 'Deviprasad Shetty', 'Manjunathanilaya Kanajar', 5000, '', '', '2015-12-25 22:30:19', 2),
	(54, 'Kushala', 'Berke Kanajar (Nov 18)', 450, '', '', '2015-01-07 12:45:48', 3),
	(54, 'Jayaram Forest officier', 'Cherkady', 1000, '', '', '2015-12-27 13:49:40', 5),
	(55, 'Prakash B', 'Aranya Ilake', 500, '', '', '2015-01-07 13:25:34', 1),
	(55, 'ಪ್ರೇಮ ರಘು ಶೆಟ್ಟಿ', 'ತೆಂಕುಮನೆ', 10000, '', '', '2015-12-25 22:37:34', 2),
	(55, 'Nomaya Nayak', 'Ganesh Nivas Kandolke Kowdoor Village Bailoor', 450, '', '', '2015-01-07 13:21:44', 3),
	(55, 'Chethan Shetty', 'Berke Kanajar', 500, '', '', '2015-12-27 14:53:42', 5),
	(56, 'Jayakar Poojary', 'C/O Gangothri Hotel MIDC Tharapur Boisar ', 555, '9730491073', '', '2015-01-07 14:01:59', 1),
	(56, 'ಕಣಂಜಾರು ದೊಡ್ಡಮನೆ ಬುಕ್ಕಿ ಹೆಗ್ಗಡ್ತಿ ಮನೆಯವರು', 'ಕಣಂಜಾರು', 20000, '9945935494', '', '2015-12-25 23:51:08', 2),
	(56, 'Santrupthi S Shetty', 'D/O Sashidhara M Shetty N R Pura Ganapathi Pendal Venkteshwara Sound System N R Pura Taluk Chikkamagaluru Dist. 14 Jan', 450, '9448345860', '', '2015-01-07 13:37:42', 3),
	(56, 'Sadashiva Shetty', 'Kondadi Moodaymane', 501, '9448187243', '', '2015-12-28 13:46:43', 5),
	(57, 'Somya Anil Shetty', 'Tulabarada Bagge', 200, '', '', '2015-01-07 14:03:18', 1),
	(57, 'ಸಿಂಧು ಪುತ್ರನ್ ಮತ್ತು ಮಕ್ಕಳು', 'ಕಣಂಜಾರು', 3000, '', '', '2015-12-26 01:31:21', 2),
	(57, 'Suman M Hegde', 'Kudhru Beedu  Shedimane Post Kundapur T.Q Udupi\r\n19/04/843                  ', 450, '09535305377', '', '2015-01-07 13:40:08', 3),
	(57, 'ಸುಷ್ಮಿತಾ ಸತೀಷ್ ಶೆಟ್ಟಿ', 'ಮೇಲ್ ಮೂಡುಬೆಟ್ಟು', 500, '', '', '2015-12-29 11:38:46', 5),
	(58, 'Dayananda Nayak', 'Pelattur', 200, '', '', '2015-01-07 15:45:52', 1),
	(58, 'ಉದಯ ಜಗನ್ನಾಥ ಶೆಟ್ಟಿ', '"ವಿಜಯ ನಿಲಯ" ಮೂಡುಬೆರ್ಕೆ', 10000, '', '', '2015-12-26 01:33:54', 2),
	(58, 'T S Krishnamurthy', 'Thandamundi Thirthahalli ', 450, '', '', '2015-01-07 13:45:43', 3),
	(59, 'Suresha Kanchan ', 'Semeguri Kanajar', 1001, '', '', '2015-01-07 15:49:32', 1),
	(59, 'ಶ್ರೀಮತಿ ಲೀಲಾ ಹೆಗ್ದೆ ಮತ್ತು ಮಕ್ಕಳು', 'ಕುದಿಗ್ರಾಮ', 8000, '', '', '2015-12-26 01:35:10', 2),
	(59, 'Jayakar Poojary', 'C/O Gangothri Hotel MIDC Tharapur Boisar (04 Mar)', 450, '9730491073', '', '2015-01-07 13:58:28', 3),
	(60, 'Baby Sapaliga', 'Kolakebailu (Akkiya Bagge)', 100, '', '', '2015-01-08 10:57:41', 1),
	(60, 'ಸಂದೀಪ್ ಭರತ್ ಪೂಜಾರಿ', 'ಕೀರಬೆಟ್ಟು ಕಣಂಜಾರು', 5000, '', '', '2015-12-26 01:37:32', 2),
	(60, 'Naveenchandra Shetty', 'Shree Benaka, Kedla Bail, Kannar\r\nCherkadi Post & Village Udupi - 576215 06/05/554\r\n', 450, '9448262028', '', '2015-01-07 14:17:51', 3),
	(61, 'Raghavendra Acharya', 'Shemeguri', 151, '', '', '2015-01-08 11:12:25', 1),
	(61, 'ಮೀರಾ ಶೆಟ್ಟಿ ಮತ್ತು ಕುಟುಂಬ', 'ಶೀತಲ್ ಬಿಲ್ದಂಗ ೪೦೧ ಸಿಯಾನ್ ಚುನ್ನಬಟ್ಟಿ ಮುಂಬಯಿ', 5000, '9820429399', '', '2015-12-26 01:41:47', 2),
	(61, 'Poornima J Shetty', '"Vignesh" Near Ambika Farm Village\r\nHandady Barkoor Road\r\nBrahmavar, Udupi 21/04/604 ', 450, '', '', '2015-01-07 14:19:56', 3),
	(62, 'Jeevan Mada', 'Yeliyal', 500, '', '', '2015-01-08 12:43:21', 1),
	(62, 'ಸಚ್ಚಿದಾನಂದ ಶೆಟ್ಟಿ', 'ಶಾಶ್ವತಿ ಎಂಟರ್ಪ್ರೈಸಸ್', 5000, '', '', '2015-12-26 10:41:53', 2),
	(62, 'Usha M Shetty', 'R N 354 March 18', 450, '', '', '2015-01-07 14:25:02', 3),
	(63, 'Yashoda Handthi', 'Gadadalke Kowdoor', 200, '', '', '2015-01-08 12:53:39', 1),
	(63, 'Karan Shetty', 'Kadeberke Kanajar(Gujarat)', 15000, '', '', '2015-12-26 11:28:15', 2),
	(63, 'Sumathi Hegde', 'R N 353, May 11', 450, '', '', '2015-01-07 14:27:32', 3),
	(64, 'Appu Poojary ', ' Darakyar Maneyavarau', 100, '', '', '2015-01-08 17:43:47', 1),
	(64, 'ಸುಖಲತಾ ಪ್ರಭಾಕರ ಶೆಟ್ಟಿ ಮತ್ತು ಮಕ್ಕಳು', 'ನೀರೆಪಲ್ಕೆ ಮನೆ ಕೊಟ್ರಕ್ಯಾರು', 5000, '', '', '2015-12-26 11:42:18', 2),
	(64, 'Vatsala Dayanand Shetty', 'R N 582, Feb 14', 450, '', '', '2015-01-07 14:29:21', 3),
	(65, 'Vittal Poojary', 'Pelattur kelamane Maarisamaraadane Bagge', 101, '', '', '2015-01-08 19:35:45', 1),
	(65, 'ಸುಮತಿ ಶೆಟ್ಟಿ ಮತ್ತು ಮಕ್ಕಳು', 'ಶಾಂತಿಬೆಟ್ಟು', 15000, '9870484752', '', '2015-12-26 11:59:47', 2),
	(65, 'Smt. Kurumbilu Kunder', '"Kushala Nilaya"  \r\nMadibettu P.O. Guddeangadi\r\nHiriadaka - 576 113\r\n02/01/040\r\n', 450, '', '', '2015-01-07 14:42:13', 3),
	(66, 'Leelavathi Heggadthi Doddamane', 'Kodimarakke Kadasu Kattida Bagge', 100, '', '', '2015-01-09 12:32:28', 1),
	(66, 'ಕಿರಣ್ ಶೆಟ್ಟಿ', 'ನಳಿನಿನಿಕೇತನ', 20000, '', '', '2015-12-26 12:20:46', 2),
	(66, 'Sri. Jitendra M. Shetty', '"Hotel Akarshan"\r\nStation Road, Vikroli (W)\r\nMumbai - 400 083\r\n18/03/211  9819303703\r\n', 450, '', '', '2015-01-07 14:50:01', 3),
	(67, 'Baabu Poojary Hadankoli ', 'Kodimarakke Kadasu Kattida Bagge', 150, '', '', '2015-01-09 12:35:42', 1),
	(67, 'Eknath Baabu Shetty Smaranaartha Divakar Shetty', 'Mumbai', 10000, '9921017730', '', '2015-12-26 21:36:15', 2),
	(67, 'Nagaveni Shetty & Family', 'Rec No.952 & 953       2 Pooje  ', 900, '', '', '2015-01-07 15:02:10', 3),
	(68, 'Shekar Poojary Honiyaal', 'Kodimarakke Kadasu Kattida Bagge', 100, '', '', '2015-01-09 12:38:00', 1),
	(68, 'Vineeth Shetty Kolkebail', 'Kolkebail', 5000, '', '', '2015-12-26 21:43:34', 2),
	(68, 'Smt.Reema Shetty', 'C/O H.B Shetty, F-308 "Raheja Park", Magadi Main Road Bangalore-79 09/04/810\r\n', 450, '', '', '2015-01-07 16:42:54', 3),
	(69, 'Loku Poojary Gurimajalu', 'Kodimarakke Kadasu', 150, '', '', '2015-01-09 13:35:06', 1),
	(69, 'Umavathi Suryakanth Shetty', 'Sihithindi Bagge', 20000, '', '', '2015-12-26 23:13:13', 2),
	(69, 'Dayananda Hegde', 'B-1501 Willows Tower Vasant Garden Swapna Nagar Mulund (W) Mumbai 400 080 Rec. No.192to195 4Pooje\r\n', 1800, '09821233769', 'dayahegde7@gmail.com', '2015-01-07 16:57:10', 3),
	(70, 'Shakila Vijaya Shetty', 'Hosamane Kanajar', 1001, '', '', '2015-01-09 16:16:22', 1),
	(70, 'Suma Chandrashekara Maada', 'Bailur', 5000, '', '', '2015-12-27 00:20:43', 2),
	(70, 'Patelara Mane ', '4 Pooje Savitha N Hegde Aug 27, Vivekananda Hegde Sep 16, Sahana Suhas Dec 9, Smitha CHandan Nov 19 ', 1800, '9980025918', '', '2015-01-08 10:52:15', 3),
	(71, 'ಶಾ೦ತ ಪೂಜಾರ್ತಿ', 'Sapthagiri Guruprasad Kadeberke, Dharkas, Kanajar', 3000, '9902171272', '', '2015-12-24 09:52:19', 1),
	(71, 'Sumitra Nayak Mattu Makkalu', 'Hadankoli', 5000, '', '', '2015-12-27 00:21:50', 2),
	(71, 'Vikram Hegde', 'Feb 24th', 450, '', '', '2015-01-08 12:19:29', 3),
	(72, 'ಸಧಾನ೦ದ ಕುಲಾಲ್', 'Kanajar', 300, '9611454258', '', '2015-12-24 11:44:15', 1),
	(72, 'Shilesh Ananda Shetty', 'C/2 15 Shanthinkethan LBS Road Ghatkopar West Mumbai 400086', 5001, '9822379483', '', '2015-12-27 00:41:16', 2),
	(72, 'Gulabi Jaya Shetty', '049, 26/01', 450, '', '', '2015-01-08 12:21:42', 3),
	(73, 'ಕರಿಯ ಕುಲಾಲ್', 'Kanajar', 300, '9901631185', '', '2015-12-24 11:45:20', 1),
	(73, 'B.N Poojary', 'KaanthanaMajalu Kanajar', 10000, '', '', '2015-12-27 10:17:13', 2),
	(73, 'Eknath Shetty badlapur', 'AUG 9, R No 419', 450, '09503368302', '', '2015-01-08 14:19:27', 3),
	(74, 'Baskar Shetty Kawdoor', 'Hotel Sainath Bandup', 2100, '9833573817', '', '2015-12-24 13:15:43', 1),
	(74, 'Chandrashekara Suvarna', 'Keerottu', 5505, '7760995717', 'suvarnacv@yahoo.com', '2015-12-27 11:31:02', 2),
	(74, 'Sri. K Naveenachandra Hegde', '09/10/168\r\n', 450, '', '', '2015-01-08 19:53:17', 3),
	(75, 'Ramesh Kallotte', 'Ex President Nire Grama Panchayath', 501, '9980067033', 'rameshkallotte689@gmail.com', '2015-12-24 13:17:29', 1),
	(75, 'SBF', 'KANAJAR', 5000, '', '', '2015-12-27 12:07:17', 2),
	(75, 'Meenalakshani Adyanthaya', 'Total 8 Pooja\'s 3 Entered Twice(Adjusted)   2 Renewd', 900, '', '', '2015-01-08 20:33:38', 3),
	(76, 'Sudhir Hegde ', 'Narayabettu Kawdoor', 2000, '9844133111', 'krsudhir2006@yahoo.co.in', '2015-12-24 13:19:15', 1),
	(76, 'Kamala Shedthi', 'Durga kamala Nivasa', 10000, '', '', '2015-12-27 12:42:17', 2),
	(76, 'Sri. Shubhananda M. Shetty', 'Excel House, 2nd Floor,Flat No 21 Sales Tax Office Mazgaon, Mumbai - 400 010,01/01/446,763,591,485, \r\n', 2250, '09769132313', '', '2015-01-08 22:14:02', 3),
	(77, 'ಗುಲಾಬಿ ಪೂಜಾರ್ತಿ', 'Suvarna Krupa Rajeevanagara kanajar', 1000, '', '', '2015-12-24 13:34:48', 1),
	(77, 'Late Ravindra Shetty Smaranaartha', 'Hosamane Kanajar', 5000, '', '', '2015-12-27 13:09:52', 2),
	(77, 'Smt. Umavathi Sooryakanth Shetty', '#301, 3rd Floor"Shubha Sandesha Co-operative Housing Society Hansraj Lane, Byculla, Mumbai - 400 027 23/06/341                   \r\n', 450, '09892328482', '', '2015-01-08 22:17:53', 3),
	(78, 'Swathi welding shop', 'Maruthinagara Palli', 550, '9902207592', '', '2015-12-24 14:18:55', 1),
	(78, 'Meenalakshani Adyanthaya', 'Pattada Mane Kanajar', 20000, '', '', '2015-12-27 13:37:10', 2),
	(78, 'Smt. Sandhya Santhosh Shetty', '1, Shivapujan Shukla Chawl R.No.- 1, Kulkarnawadi, Shubhashnagar\r\nAsalpa Gkatkopar (w), Mumbai - 400 084 04/11/460', 450, '', '', '2015-01-08 22:20:10', 3),
	(79, 'ರಾಮಕೃಷ್ಣ ಶೆಟ್ಟಿ', 'ಬೊಟ್ಟ ನೀರೆ', 1000, '', '', '2015-12-24 20:11:04', 1),
	(79, 'Jayakar A Shetty', 'Priya Bar & Restaurent Dr. Ambedkar Road Byculla (East) Mumbai 400027', 5001, '', '', '2015-12-27 15:44:38', 2),
	(79, 'Ravi S Shetty', 'R No 484, 761, 762', 1350, '09821116906', '', '2015-01-08 22:34:28', 3),
	(80, 'ಬೇಬಿ ಶೇಕರ್ ಪೂಜಾರಿ', 'ಕೇಪುಳು', 10000, '', '', '2015-12-25 09:13:59', 1),
	(80, 'Shakuntala Rai Bhaskar Shetty', 'Kurla Mumbai', 50000, '', '', '2015-12-27 16:55:35', 2),
	(80, 'Santhosh Shetty', 'Bellampalli Doddamane\r\nBellampalli Post & Village\r\nUdupi -  576124                  \r\n05/05/608                New Date- March 17th\r\n \r\n', 450, '9611651439', '', '2015-01-08 22:45:26', 3),
	(81, 'ರಾಘವೇಂದ್ರ', 'ಹಾಡಿಮನೆ ಕಣಜಾರು', 500, '8197206547', '', '2015-12-25 09:58:48', 1),
	(81, 'Ramesh Kulal Mattu Makkalu', 'Dharkasu', 5000, '', '', '2015-12-27 16:57:04', 2),
	(81, 'Shreesha Poojary Shriya Poojary Dayananda Poojary', 'KanthanaMajalu Kanajar  3Pooje Rec. No.832 833 597', 1350, '9611454249', '', '2015-01-09 13:01:04', 3),
	(82, 'ವಾದಿರಾಜ ಶೆಟ್ಟಿ', 'ಹೆಬ್ರಿ', 2000, '9901857146', '', '2015-12-25 10:49:16', 1),
	(82, 'Chetana Shivanand Shetty', 'Mumbai', 10000, '', '', '2015-12-27 16:57:47', 2),
	(82, 'Sri. Cheenka Shetty', '"Shri Ram Nivas" Kadeberke P.O. Kanajar           11/03/202\r\n', 450, '9141426298 ', '', '2015-01-09 13:03:37', 3),
	(83, 'ಜಯಂತಿ', 'ಬ್ಯಾರ್ಲಬಾಕ್ಯಾರು ಕಣಜಾರು', 1000, '', '', '2015-12-25 11:11:27', 1),
	(83, 'Shekar Shetty', 'Hosavaklu', 11000, '', '', '2015-12-27 16:58:58', 2),
	(83, 'Sri. Bhavish Nayak', 'S/O Santhosh Nayak\r\nA 203 Devika Prem, Near Baalaji Garden New Ayra Road, Dombivli-421201\r\n', 450, '09004412063', '', '2015-01-09 13:07:25', 3),
	(84, 'Krishna', 'Varasare Bakyar', 100, '9611045353', '', '2015-12-25 12:47:01', 1),
	(84, 'Shashidhar Shetty', 'Mumbai', 5000, '', '', '2015-12-27 16:56:14', 2),
	(84, 'Sri. Shankar S. Kotian', 'ROOM #001 Station Road Mahaveer Circle \r\nAnjaar Patha Bhirwadi Dist Thane \r\nMaharashtra -400305 \r\n', 450, '08087787996', '', '2015-01-09 13:43:06', 3),
	(85, 'Shobha S Shetty & Family', 'Kolakebail', 1000, '9323798700', '', '2015-12-25 12:51:21', 1),
	(85, 'Hema Shekara Shetty', 'Hosamane Kanajar', 5000, '', '', '2015-12-27 17:53:40', 2),
	(85, 'Manohar', 'Kirebettu Kanajar', 450, '', '', '2015-12-24 13:31:25', 3),
	(86, 'Jagadish Nayak', 'Nire', 100, '', '', '2015-12-25 12:56:23', 1),
	(86, 'Devashya House Family', 'Devashya House Kanajar', 20000, '', '', '2015-12-27 18:15:01', 2),
	(86, 'ಲಲಿತ', 'ಮಂಗಳಬಾಕ್ಯಾರು', 450, '', '', '2015-12-25 11:18:05', 3),
	(87, 'ಸರೋಜಿನಿ ಶೆಟ್ಟಿ', 'Kolakebailu 40kg Rice and 15ltr Oil and Rs. 1000/- Donation', 2250, '', '', '2015-12-25 13:16:46', 1),
	(87, 'Dr. Y S Shetty', 'Mumbai', 25000, '9833597044', '', '2015-12-28 11:05:58', 2),
	(87, 'Vasanthi Shetty', 'Pune 1/1', 450, '', '', '2015-12-25 13:28:30', 3),
	(88, 'ಸುಮ ಪ್ರಸಾದ್ ಕಿಶೋರ್ ಶೆಟ್ಟಿ', 'Kowdoor', 505, '', '', '2015-12-25 13:21:46', 1),
	(88, 'ಅವಿನಾಶ್ ಶಂಕರ್ ಪೂಜಾರಿ', 'ಮಾಪುಂಜ, ಕಣಜಾರು', 5000, '', '', '2015-12-28 20:26:18', 2),
	(88, 'Sujatha Surendra Shetty', 'Sathakrush', 450, '9870661276', '', '2015-12-25 13:40:44', 3),
	(89, 'ಉದಯ ಶೆಟ್ಟಿ', 'Kowdoor', 500, '9980483456', '', '2015-12-25 13:27:08', 1),
	(89, 'ಪ್ರದೀಪ್ ಶೆಟ್ಟಿ', 'ಕೊಳಕೆಬೈಲು', 11000, '', '', '2015-12-28 20:52:56', 2),
	(89, 'Barathi S Hegde, Sandhya Hegde, Vindhya Hegde, Sanchith Hegde', '9/Sep, 30/Apr, 2/Dec, 26/Feb', 1800, '9448978944', 'prof_snh@yahoo.co.in', '2015-12-25 20:51:38', 3),
	(90, 'Harsha P Shetty', 'Thirthahalli', 1000, '8970163559', '', '2015-12-25 13:46:37', 1),
	(90, 'ರತನ್ ಕುಮಾರ್ ಶೆಟ್ಟಿ', 'ಕಡೆಬೆರ್ಕೆ', 5000, '', '', '2015-12-28 21:32:37', 2),
	(90, 'ಕುಶಲ ಹೆಗ್ದೆ', 'ತೆಂಕುಮನೆ', 450, '', '', '2015-12-26 13:49:11', 3),
	(91, 'ಕೆ ಸುಧಕರ್ ಹೆಗ್ಡೆ', 'Kowdoor', 500, '', '', '2015-12-25 19:34:27', 1),
	(91, 'Deviprasad Shetty', 'Hosamane Kanajar', 5000, '', '', '2015-12-29 02:06:50', 2),
	(91, 'ಕುಶಲ ಹೆಗ್ದೆ', 'ತೊಂಬಟ್ಟು', 450, '9632381290', '', '2015-12-26 13:52:18', 3),
	(92, 'ಸುಂದರ್ ಶೆಟ್ಟಿ', 'Kowdoor', 1000, '', '', '2015-12-25 19:35:23', 1),
	(92, 'Sundar S Poojary', 'Sona 1st week', 450, '9969882504', '', '2015-12-26 21:56:32', 3),
	(93, 'Balakrishna Shetty', 'Kowdoor', 500, '', '', '2015-12-25 19:36:47', 1),
	(93, 'Suman S Shetty', 'C-301, Redwood Mulund West Mumbai - 400080', 450, '9819110491', '', '2015-12-27 09:50:48', 3),
	(94, 'ಸದಾನಂದ ಶೆಟ್ಟಿ', 'ಕಾಲ್ಕಾರ್ (ಎಣ್ಣೆ ಬಗ್ಗೆ)', 1000, '', '', '2015-12-25 20:00:43', 1),
	(94, 'Dinesh Poojary', '19/10 Kanajar', 450, '', '', '2015-12-27 12:38:04', 3),
	(95, 'ಅನಿಸ್', 'ರಂಗಪೂಜೆ ಬಗ್ಗೆ', 150, '', '', '2015-12-25 20:03:47', 1),
	(95, 'Trapthi', 'June 13th', 450, '', '', '2015-12-27 12:47:32', 3),
	(96, 'Sarojini Shetty', 'Kolakebailu Kanajar (Thuppa)', 400, '', '', '2015-12-25 21:00:59', 1),
	(96, 'Krishnaappa Vinoda', 'May 18th 19th', 900, '', '', '2015-12-27 12:49:18', 3),
	(97, 'Shobha Shetty', 'Kolakebailu Kanajar (Thuppa)', 400, '', '', '2015-12-25 21:01:33', 1),
	(97, 'Udaya Shetty', '11/06', 450, '', '', '2015-12-27 13:59:43', 3),
	(98, 'Shubha Praveen Shetty', 'Hosamane ಮೇಲ್ಬಂಟನ ಬಗ್ಗೆ', 5001, '', '', '2015-12-26 00:12:01', 1),
	(98, 'Bharath Shetty Vindhya Hegde Sanchith Hegde Sadha Hegde', '"Shree" Hosamane Kanajar 9/9 30/4 2/12 26/2', 1800, '', '', '2015-12-28 11:56:11', 3),
	(99, 'ವಿಟ್ಟಲ ಪುತ್ರನ್', 'ಕಣ್ಂಜಾರು', 501, '', '', '2015-12-26 02:27:34', 1),
	(99, 'Prabhakar B Shetty', 'Berke Kanajar ,26-FEB Change of date:26-MAY', 450, '9892518347', '', '2015-12-28 13:49:57', 3),
	(100, 'ಪದ್ಮಾವತಿ ಪುತ್ರನ್', 'ಕಣಂಜಾರು', 300, '', '', '2015-12-26 02:30:13', 1),
	(100, 'Smt. Sanjeevi Sundhar Shetty', 'Hotel "MADHURA" House #503 Ward #06, Mangalwar Peth, Ichalkaranji Kollahpur Dist Maharashtra - 416115 27/04/771', 450, '8149285677', '', '2015-12-29 16:43:33', 3),
	(101, 'ಗುಲ್ಲ ಕುಂದರ್', 'ಕಣಂಜಾರು', 1000, '', '', '2015-12-26 11:06:07', 1),
	(102, 'ರಮೇಶ್ ಜಿ ಶೆಟ್ಟಿ', 'ಶಿರೂರು', 505, '', '', '2015-12-26 12:07:12', 1),
	(103, 'ಸುಧಾಕರ ಪೂಜಾರಿ', 'ಮಡಿಬೆಟ್ಟು', 200, '', '', '2015-12-26 13:45:57', 1),
	(104, 'ವಿಜಯಲಕ್ಶ್ಮಿ ಸುನಂದ', 'ಹಾಡಿಮನೆ, ಕಣಜಾರು', 500, '', '', '2015-12-26 14:07:41', 1),
	(105, 'ಬಾಲಕೃಷ್ಣ ಶೆಟ್ಟಿ', 'ನರಸಮ್ಮ ನಿವಾಸ', 1000, '', '', '2015-12-26 14:13:09', 1),
	(106, 'ಬಾಸ್ಕರ ಶೆಟ್ಟಿ', 'ದುರ್ಗಾ ಚಿಕನ್ ಸ್ಟಾಲ್, ಗುಡ್ಡೆಯಂಗಡಿ', 1001, '', '', '2015-12-26 14:14:37', 1),
	(107, 'ಗಿರಿಜಾ ನಾಗರಾಜ್ ಶೆಟ್ಟಿ', 'ಮತ್ತು ಮಕ್ಕಳು ಸಿಗ್ದಾಳ', 250, '', '', '2015-12-26 18:21:51', 1),
	(108, 'Udaya Kumar Shetty', 'Bangalore', 1000, '', '', '2015-12-26 19:39:43', 1),
	(109, 'Rama Shetty', 'HosaMane', 300, '', '', '2015-12-26 19:58:53', 1),
	(110, 'Raviraj Shetty', 'Kudi Grama', 1000, '', '', '2015-12-26 21:23:10', 1),
	(111, 'Manohar', 'Makara Jyothi', 1005, '', '', '2015-12-26 21:34:48', 1),
	(112, 'Vanaja Hegde', 'byandina bagge', 700, '', '', '2015-12-26 21:39:20', 1),
	(113, 'Prakash Hegde', 'Byandina bagge', 350, '', '', '2015-12-26 21:40:43', 1),
	(114, 'Vinaya kumar Shetty', 'Bailur', 1000, '', '', '2015-12-26 21:52:56', 1),
	(115, 'Vasanth Shetty', 'Bai', 1000, '', '', '2015-12-26 21:53:48', 1),
	(116, 'Kushala Hegde', 'Kalkaar', 1000, '', '', '2015-12-27 00:23:48', 1),
	(117, 'Manvi J Shetty', 'Annu (Brahmalingeshwara)', 2000, '', '', '2015-12-27 00:32:13', 1),
	(118, 'Ashwin J Shetty', 'Annu', 2000, '', '', '2015-12-27 00:33:26', 1),
	(119, 'Mr. Sukeshini J Shetty', 'Thane', 2001, '9819557500', '', '2015-12-27 00:34:58', 1),
	(120, 'Sadhana Vinod Nayar', 'F-101 11th Floor Laxmi Narayan Residency Pokhran Road 2 Thane West', 10001, '9930175492', '', '2015-12-27 00:38:33', 1),
	(121, 'Umavathi A Shetty', 'Mumbai', 2001, '', '', '2015-12-27 00:39:25', 1),
	(122, 'Anasuya B Hegde', 'Paduidri', 501, '', '', '2015-12-27 00:42:07', 1),
	(123, 'Seema bhandary', 'Yermaal', 1001, '', '', '2015-12-27 00:51:10', 1),
	(124, 'ಸಚಿನ್ ಶೈಲಜಾ ಶೆಟ್ಟಿ', 'ಚೇತನ ಸದನ', 500, '', '', '2015-12-27 09:46:22', 1),
	(125, 'ಅರುಣಾ ಶೆಟ್ಟಿ', 'ತೆಂಕುಮನೆ', 500, '', '', '2015-12-27 09:58:57', 1),
	(126, 'ಗುಂಡು ಶೆಟ್ಟಿ', 'ಕಂಪಾನು', 100, '', '', '2015-12-27 09:59:50', 1),
	(127, 'ಅಜಿತ್ ಕುಮಾರ್ ಶೆಟ್ಟಿ', 'ಕನ್', 151, '', '', '2015-12-27 10:11:21', 1),
	(128, 'Sanjay Pandey', 'Mumbai', 1000, '9819029090', 'pandeysanjayji@gmail.com', '2015-12-27 10:21:17', 1),
	(129, 'ವರುನ್', 'ಕನ್', 50, '', '', '2015-12-27 10:42:50', 1),
	(130, 'ಗೋಪಾಲ ಪೂಜಾರಿ', 'ಕನ್', 500, '', '', '2015-12-27 11:23:16', 1),
	(131, 'ಗೋಪಾಲ', '೧೨ ತಂಗಿನಕಾಯಿ', 120, '', '', '2015-12-27 11:24:34', 1),
	(132, 'ಹರೀಶ್ ಶೆಟ್ಟಿ', 'ಮೈಲ್ ಬೆಟ್ಟು', 1000, '', '', '2015-12-27 11:25:51', 1),
	(133, 'Keerabettu mane', 'Kanajar', 100, '', '', '2015-12-27 11:31:49', 1),
	(134, 'Keerabettu mane', 'Kanajar', 100, '', '', '2015-12-27 11:32:48', 1),
	(135, 'K Ramachandra Prabhu', 'Kandalke', 300, '', '', '2015-12-27 11:54:47', 1),
	(136, 'ಜಗದೀಶ್ ಹೆಗ್ದೆ', 'ಸುಪ್ರಭ ನಿಲಯ', 500, '', '', '2015-12-27 12:00:23', 1),
	(137, 'ShekarHegde', 't', 100, '', '', '2015-12-27 12:03:36', 1),
	(138, 'Vasanthi S Shetty Smaranaartha Maga Late NARESH SHETTY', 'HOSAMANE', 25000, '', '', '2015-12-27 12:10:08', 1),
	(139, 'ಸುಧೀರ ಸಂಜೀವ ಶೆಟ್ಟಿ', 'ಕೊಳ್ಕೆಬೈಲ್ ಚಂದ್ರಮಂಡಲ ಹೂವಿನ ಬಗ್ಗೆ', 3000, '', '', '2015-12-27 12:13:32', 1),
	(140, 'Rajesh', 'tulabaarada bagge', 110, '', '', '2015-12-27 12:27:53', 1),
	(141, 'Dhananjaya Kumar', 'Pelattur', 500, '', '', '2015-12-27 12:31:09', 1),
	(142, 'Sandeep Poojary', '7/10', 450, '', '', '2015-12-27 12:38:38', 1),
	(143, 'Latha', 'Dharkaasu', 200, '', '', '2015-12-27 12:39:53', 1),
	(144, 'Deepthi', 'April 20th', 450, '', '', '2015-12-27 12:48:32', 1),
	(145, 'Jayakara Poojary', 'Hyderbaad', 501, '', '', '2015-12-27 12:50:29', 1),
	(146, 'Avinaash Varasarebaakyar', 'Tulabara', 70, '', '', '2015-12-27 12:54:41', 1),
	(147, 'Prakash P', 'Forest Gaurd kanajar', 500, '', '', '2015-12-27 13:17:35', 1),
	(148, 'Shridhar', 'Forest Gaurd Neere', 200, '', '', '2015-12-27 13:18:23', 1),
	(149, 'Manohar', 'Forest Gaurd Athrady', 500, '', '', '2015-12-27 13:19:17', 1),
	(150, 'Bhoja', 'Neere Naatla', 101, '', '', '2015-12-27 13:25:11', 1),
	(151, 'Ganesh Kulaal', 'Kanajar', 500, '', '', '2015-12-27 13:37:42', 1),
	(152, 'Dayanad Shetty', 'Koppala Kanajar', 12000, '', 'dabshetty@yahoo.com', '2015-12-27 14:49:16', 1),
	(153, 'Mahesh Hegde and Family', 'BrahmaStanada Annasantarpaneya Bagge Devashya Family', 5000, '', '', '2015-12-27 16:28:12', 1),
	(154, 'ಲಲಿತಾ ದಿವಾಕರ ಶೆಟ್ಟಿ', 'ಕಣ್', 200, '', '', '2015-12-28 10:49:58', 1),
	(155, 'ದಯಾನಂದ ಶೆಟ್ಟಿ', 'ತೆಂಕುಮನೆ', 50, '', '', '2015-12-28 10:59:24', 1),
	(156, 'ದಯಾನಂದ ಶೆಟ್ಟಿ', 'ತೆಂಕುಮನೆ ಎಳನೀರು ಬಗ್ಗೆ', 250, '', '', '2015-12-28 11:00:07', 1),
	(157, 'Dayanad Shetty', 'Tenkumane', 100, '', '', '2015-12-28 11:41:23', 1),
	(158, 'Shekar', 'Petri', 150, '', '', '2015-12-28 12:24:04', 1),
	(159, 'Saadhu Shetty', 'Anugraha Nilaya , Bailur', 250, '', '', '2015-12-28 12:40:42', 1),
	(160, 'Bhoja Shetty', 'Kawdoor', 100, '', '', '2015-12-28 12:41:45', 1),
	(161, 'Baabu poojary', 'Akki 2 Seeru', 60, '', '', '2015-12-28 12:42:58', 1),
	(162, 'Krishnappa Poojary', 'Akkiya bagge Keerottu', 100, '', '', '2015-12-28 12:44:17', 1),
	(163, 'Adarsh Engineering', 'Bailur', 1000, '9845580253', '', '2015-12-28 13:51:36', 1),
	(164, 'Suresh', 'Sundicate Bank Kanajar', 1000, '9449860847', '', '2015-12-28 14:07:29', 1),
	(165, 'Sushila Poojarthi', 'Akkiya bagge', 100, '', '', '2015-12-28 14:15:14', 1),
	(166, 'Rajali Saheb', 'Kampan', 500, '', '', '2015-12-28 20:22:34', 1),
	(167, 'Ramakrishna Manjithaya', 'Banaana', 150, '', '', '2015-12-28 20:24:02', 1),
	(168, 'ಸುರೇಂದ್ರ ಶೆಟ್ಟಿ', 'Annapurneshwari Estate Balehonnur -577112 Chikkamagaluru', 2000, '9448184612', '', '2015-12-28 21:31:13', 1),
	(169, 'Pravesh Shetty', '"Prakrati" Bailur', 1005, '9845358468', '', '2015-12-29 13:06:03', 1),
	(170, 'Baalanna Postman', 'MaariSamaaraadane BAGGE Mattu Akki Bagge', 200, '', '', '2015-12-29 14:04:50', 1);
/*!40000 ALTER TABLE `alldonationdata` ENABLE KEYS */;


-- Dumping structure for table brahmalingeshwara.allexpendituredata
CREATE TABLE IF NOT EXISTS `allexpendituredata` (
  `RecNo` int(11) NOT NULL AUTO_INCREMENT,
  `Eid` int(11) NOT NULL DEFAULT '1',
  `Title` varchar(2000) NOT NULL,
  `Description` varchar(10000) NOT NULL,
  `Amount` double NOT NULL,
  `EDate` date NOT NULL,
  `BDate` datetime NOT NULL,
  PRIMARY KEY (`RecNo`,`Eid`)
) ENGINE=InnoDB AUTO_INCREMENT=108 DEFAULT CHARSET=utf8;

-- Dumping data for table brahmalingeshwara.allexpendituredata: ~108 rows (approximately)
/*!40000 ALTER TABLE `allexpendituredata` DISABLE KEYS */;
INSERT INTO `allexpendituredata` (`RecNo`, `Eid`, `Title`, `Description`, `Amount`, `EDate`, `BDate`) VALUES
	(1, 1, 'Sudheer Hegde', 'Description', 46000, '2015-01-07', '2015-01-04 10:36:25'),
	(1, 2, 'vev', 'mvrnvm', 1000, '2016-05-01', '2016-05-01 13:30:38'),
	(2, 1, 'Printing & Stationery', 'Paid to Vikram Hegde towards Bill No 1040 of Shri Mookambika Printers Receipt Book Printing', 1850, '2015-01-04', '2015-01-04 15:37:06'),
	(3, 1, 'Kodimara Board', 'Paid to Vikram Hegde vide Bill No 268 Monu Art Zone Bailur', 1200, '2015-01-04', '2015-01-04 15:42:14'),
	(4, 1, 'BrahmaMandala', 'BrahmaMandala Vidyarige', 46000, '2015-01-05', '2015-01-05 00:07:42'),
	(5, 1, 'BrahmaMandala', 'BrahmaMandala Ithararige(Vadya Raghu)', 8000, '2015-01-05', '2015-01-05 00:09:00'),
	(6, 1, 'Ashleshabali Dakshina', 'Gururaj Thantri Mattu Balaga', 1000, '2015-01-05', '2015-01-05 12:53:05'),
	(7, 1, 'Bramhamandala ', 'Gururaj Thantrigalige', 5000, '2015-01-05', '2015-01-05 13:00:54'),
	(8, 1, 'Ashleshabalige', 'Gururaj Thantrigalige', 5000, '2015-01-05', '2015-01-05 13:05:59'),
	(9, 1, 'Vasthu And Ganahoma', 'Gururajthantrigalige', 4500, '2015-01-05', '2015-01-05 13:10:01'),
	(10, 1, 'Harikatha Sambhavane', 'Sham Na Adiga Kumble', 5000, '2015-01-06', '2015-01-06 01:20:37'),
	(11, 1, 'Harikatha T A', 'Car etrol Charges', 3000, '2015-01-06', '2015-01-06 01:30:30'),
	(12, 1, 'Paintings', 'Ashok Hardware Ranganpalke   All', 58870, '2015-01-06', '2015-01-06 10:16:52'),
	(13, 1, 'Baale Ele', '6000 baale Ele  Petri', 5200, '2015-01-06', '2015-01-06 10:17:54'),
	(14, 1, 'Band Set Uthsava', 'Gopal Thanda', 17000, '2015-01-07', '2015-01-07 10:48:32'),
	(15, 1, 'Brahmamandala ', 'Ramachandra Kunjittaya  Darshanada Bagge', 20000, '2015-01-07', '2015-01-07 14:08:14'),
	(16, 1, 'Ramachandra Kunjittaya', 'Ramachandra Kunjittaya  Darshanada Bagge  Utsavada kalada', 9000, '2015-01-07', '2015-01-07 14:09:17'),
	(17, 1, 'Aduge Bhatru', 'Nagaraaj Bhat Aduge Bhat', 32000, '2015-01-07', '2015-01-07 15:07:07'),
	(18, 1, 'Ratha & Devasthanada Hoovu', 'Bailur Flower Stall\r\n090 2600\r\n092  5400', 8000, '2015-01-07', '2015-01-07 15:20:52'),
	(19, 1, 'Anna Chatra  Account', 'Dinesh Shetty ', 50000, '2015-01-07', '2015-01-07 17:24:59'),
	(20, 1, 'Repairs & Maitenance', 'Prasada Bags 330, Cleaning stuff 450, Cement 3 bags 1200', 1980, '2015-01-07', '2015-01-07 17:34:15'),
	(21, 1, 'Uthsava Batavade', 'Pundarikaksha Bhat ', 4000, '2015-01-08', '2015-01-08 10:55:09'),
	(22, 1, 'Uthsava Batavade', 'Sadananda Bhat', 1000, '2015-01-08', '2015-01-08 10:55:34'),
	(23, 1, 'Fruits', 'Harivana Prasadakke', 2100, '2015-01-08', '2015-01-08 11:45:07'),
	(24, 1, 'Gururaja Bhatrige', 'Hoovina pooje 18x212, RUDRABHISHEKA 83x13.5, Sarvaseve 11x46, Hunnime Pooje 350x10, Ganahoma 350x10', 12445, '2015-01-08', '2015-01-08 14:53:59'),
	(25, 1, 'Laptop Sponsors Board', 'Laptop Sponsors Name Board And Sticker Cutting', 400, '2015-01-09', '2015-01-09 16:11:15'),
	(26, 1, 'Utsava A4 Sheet', '2 bundle A4 sheet paid to nithesh bill no 072, Sri Krishna Multimedia', 380, '2015-12-24', '2015-12-24 09:58:42'),
	(27, 1, 'Utsava ಕಾಣಿಕೆ ಡಬ್ಬಿ ಮತ್ತು ಇತರ', 'M/s Airody Radhakrishna Pai 2180, M/s Kamath & Co 84, Auto Fare 66', 2330, '2015-12-24', '2015-12-24 20:50:51'),
	(28, 1, 'Utsava ಬ್ರಹ್ಮಮಂಡಲ ವೈದ್ಯರಿಗೆ', 'ಕಾಣಿಕೆ 4,000 ವೀಳ್ಯ 30,000', 34000, '2015-12-24', '2015-12-25 00:55:46'),
	(29, 1, 'ಸುಧೀರ್ ಹೆಗ್ದೆ', 'Direct Payment', 10000, '2015-12-25', '2015-12-25 09:16:13'),
	(30, 1, 'Construction a/c', 'GRP ROOM', 16700, '2015-12-25', '2015-12-25 09:23:00'),
	(31, 1, 'ಪಾದಕಾಣಿಕೆ', 'ಶಿರೂರು ಸ್ವಾಮೀಗಳಿಗೆ', 5000, '2015-12-25', '2015-12-25 12:45:39'),
	(32, 1, 'Utsava ನಾಗರಾಜ್ ಉಡುಪಿ', 'ಸಂಗೀತ ಕಾರ್ಯಕ್ರಮ', 5500, '2015-12-25', '2015-12-25 14:49:57'),
	(33, 1, 'ಸುಧಿರ್ ಹೆಗ್ದೆ', 'ಪ್ರೆಮ ರಘು ಶೆಟ್ಟಿ ತೆಂಕುಮನೆ', 10000, '2015-12-25', '2015-12-25 22:38:52'),
	(34, 1, 'Utsava ಬ್ರಹ್ಮಮಂಲದ ಬಗ್ಗೆ', 'ಸಿಂಗಾರ ಹೂ ೫೦೦೦ ಪಟ್ಟಿ ೨೦೦೦', 7000, '2015-12-24', '2015-12-26 00:04:19'),
	(35, 1, 'ಸುಧೀರ್ ಹೆಗ್ದೆ', 'counter cash 26.12.2015 1AM', 200000, '2015-12-26', '2015-12-26 01:00:07'),
	(36, 1, 'Sudhir Hegde', 'Counter Cash', 150000, '2015-12-27', '2015-12-27 00:26:48'),
	(37, 1, 'Sudhir Hegde', 'R.No 015 to 021 Direct payment', 23505, '2015-12-27', '2015-12-27 00:43:38'),
	(38, 1, 'Sudhir Hegde', 'Rec.No. Dated 13/12/2015', 1001, '2015-12-27', '2015-12-27 00:52:00'),
	(39, 1, 'Utsava - Cleaning', 'cleaning', 300, '2015-12-27', '2015-12-27 13:40:22'),
	(40, 1, 'Shashikanth Rai', 'Engineer, Annachthra Construction', 20000, '2015-12-27', '2015-12-27 14:59:53'),
	(41, 1, 'Utsava Darshana Paathri', 'Utsava Kala 10,000/- brahmamandala 15,000/-', 25000, '2015-12-27', '2015-12-27 15:13:06'),
	(42, 1, 'Utsava Aduge Bhattru', 'Aduge Bhatrige', 40000, '2015-12-27', '2015-12-27 15:33:28'),
	(43, 1, 'Utsava Mahesh Hegde', 'Guddeyangadi Shop Expenses', 21145, '2015-12-27', '2015-12-27 15:39:44'),
	(44, 1, 'Utsava Flower Decoration', 'Raja Bhat Chandramandala Ratha', 2000, '2015-12-27', '2015-12-27 15:41:45'),
	(45, 1, 'Gururaj Manjittya', 'GanaHoma 400*12 Hunime pooje 400*12,', 9600, '2015-12-27', '2015-12-27 16:13:06'),
	(46, 1, 'Utsava Temple Photos', 'Chandananna', 3450, '2015-12-27', '2015-12-27 17:10:04'),
	(47, 1, 'Sudhir Hegde', 'Counter Cash', 100000, '2015-12-27', '2015-12-27 17:41:45'),
	(48, 1, 'Utsava Coconut', '9*1400', 12600, '2015-12-27', '2015-12-27 17:52:54'),
	(49, 1, 'Utsava Balakrishna Hegde Tenkumane', 'Hoovina Bagge', 16420, '2015-12-28', '2015-12-28 14:23:42'),
	(50, 1, 'Utsava ಸಂಪ್ರೋಕ್ಷಣೆ', 'ದಕ್ಷಿಣೆ', 2800, '2015-12-28', '2015-12-29 02:11:52'),
	(51, 1, 'Utsava Meeting Expenses', 'Tea and Snacks First Meeting', 1760, '2015-12-30', '2015-12-29 12:09:02'),
	(52, 1, 'Utsava Kattige', '1 load', 9000, '2015-12-30', '2015-12-29 12:10:42'),
	(53, 1, 'Utsava labour', '9*2*400', 7200, '2015-12-30', '2015-12-29 12:14:30'),
	(54, 1, 'Utsava - Cleaning', 'a', 500, '2015-12-30', '2015-12-29 12:20:06'),
	(55, 1, 'Utsava - Prabhavali', 'Silver', 6250, '2015-12-30', '2015-12-29 12:23:02'),
	(56, 1, 'Utsava- Crackers', 'Advance', 5000, '2015-12-30', '2015-12-29 12:23:58'),
	(57, 1, 'Utsava- Invitation', 'Printing Charges', 10400, '2015-12-30', '2015-12-29 12:24:54'),
	(58, 1, 'Utsava Chariot', 'size', 2000, '2015-12-30', '2015-12-29 12:31:43'),
	(59, 1, 'Utsava - Cleaning', '9*400 2*250', 3300, '2015-12-30', '2015-12-29 12:32:36'),
	(60, 1, 'Utsava - Labour', '31*400 10*250', 14900, '2015-12-30', '2015-12-29 12:35:50'),
	(61, 1, 'Utsava - Kallathambila', 'Vaalaga', 2500, '2015-12-30', '2015-12-29 12:40:13'),
	(62, 1, 'Utsava - Kallathambila', 'Deevatige', 400, '2015-12-30', '2015-12-29 12:40:56'),
	(63, 1, 'Utsava - Kallathambila', 'Sattige', 400, '2015-12-30', '2015-12-29 12:49:15'),
	(64, 1, 'Utsava - Labour', '400*6 250*4', 3400, '2015-12-30', '2015-12-29 12:51:00'),
	(65, 1, 'Utsava Cloth', 'Deevatige Batte', 3370, '2015-12-30', '2015-12-29 12:51:59'),
	(66, 1, 'Utsava Vegetable Bill', 'Vegtables', 17210, '2015-12-30', '2015-12-29 12:53:30'),
	(67, 1, 'Utsava - Fruits', 'BaaleGone', 4200, '2015-12-30', '2015-12-29 12:54:08'),
	(68, 1, 'Utsava - Decoration Item', 'Adake Hagga Etc', 6200, '2015-12-30', '2015-12-29 12:54:57'),
	(69, 1, 'Utsava- Crackers', 'Garnal Saahebarige Advance', 5000, '2015-12-30', '2015-12-29 12:56:10'),
	(70, 1, 'Utsava - Cleaning', 'Machine 38 Hours of Cleaning', 7300, '2015-12-30', '2015-12-29 12:58:46'),
	(71, 1, 'Utsava - Cleaning', '400*4 250*2', 2100, '2015-12-30', '2015-12-29 12:59:45'),
	(72, 1, 'Utsava Ration Bill', 'saamanina Bagge', 7945, '2015-12-30', '2015-12-29 13:00:45'),
	(73, 1, 'Utsava-Pooja Items', 'Muddu Kulaal 10Nos Mugaayi', 300, '2015-12-30', '2015-12-29 13:02:53'),
	(74, 1, 'Utsava-Pooja Items', 'Homa Saahithigalu Tantrigalige Vastu navaka Homada Bagge', 6200, '2015-12-30', '2015-12-29 13:04:18'),
	(75, 1, 'Utsava - Labour', '400*3 250*3', 1950, '2015-12-30', '2015-12-29 13:07:48'),
	(76, 1, 'Utsava-Pickle', 'Ambade Thandavrige', 800, '2015-12-30', '2015-12-29 13:11:23'),
	(77, 1, 'Utsava-CookingItems Grocery', 'Hyriyadka', 11000, '2015-12-30', '2015-12-29 13:17:09'),
	(78, 1, 'Utsava-Yakshagana', 'Flower And Diesel', 2740, '2015-12-30', '2015-12-29 13:20:15'),
	(79, 1, 'Utsava_GendaSeve', 'GendaSeve Paatrige', 1500, '2015-12-30', '2015-12-29 13:21:47'),
	(80, 1, 'Utsava-Rangapooje', 'RangaPooje Charu Maadidavarige', 1000, '2015-12-30', '2015-12-29 13:23:59'),
	(81, 1, 'Utsava-BaaleEle', 'Baaleyele Bagge', 13500, '2015-12-30', '2015-12-29 13:26:17'),
	(82, 1, 'Utsava-Fruits', 'Fruits And Biraasu', 2300, '2015-12-30', '2015-12-29 13:27:23'),
	(83, 1, 'Utsava-Dolu', 'Doolina Bagge', 4500, '2015-12-30', '2015-12-29 13:28:17'),
	(84, 1, 'Utsava-Byand', 'Byaandina Bagge', 19000, '2015-12-30', '2015-12-29 13:29:12'),
	(85, 1, 'Utsava-Vinup Hegde', 'Grocery Items', 100000, '2015-12-30', '2015-12-29 13:31:00'),
	(86, 1, 'Utsava-Flowers', 'Hoovina Saahebarige', 24000, '2015-12-30', '2015-12-29 13:32:18'),
	(87, 1, 'Utsava-Labour Oil Supply', 'Prasanna Kulaal Enne Needida Bagge', 600, '2015-12-30', '2015-12-29 13:33:34'),
	(88, 1, 'Utsava-Baaleyele', 'BaaleYele Bagge 1200Nos', 1500, '2015-12-30', '2015-12-29 13:35:16'),
	(89, 1, 'Utsava - Labour', 'Gopa Devadiga1200 vittala1200 Ghangadhar1200 Shivaprasadrao2500 Panchavadya1800 RaghuBhandari1200 ChanduDevadiga1200 GururajaManjittaya4000 ShridharAchaari1200 DevaruHoruvaBhtaru4500 Tantrigalige7000 RaghuVaadya Utsavada Bagge17000 BrahmaMandalaBagge8000', 52000, '2015-12-30', '2015-12-29 14:17:09'),
	(90, 1, 'Utsava-Tantrigalige', 'AshleshaBali Bagge', 5000, '2015-12-30', '2015-12-29 14:39:31'),
	(91, 1, 'Utsava- Coconut', 'Coconut 1500*9 Mahesh Hegde', 13500, '2015-12-30', '2015-12-29 14:40:29'),
	(92, 1, 'Utsava-Transport', 'Tempo Rent', 1000, '2015-12-30', '2015-12-29 14:41:26'),
	(93, 1, 'Utsava-Grocery', 'Hiriyadka Saamanina Bagge', 4000, '2015-12-30', '2015-12-29 14:42:21'),
	(94, 1, 'Utsava-BrahmaMandala', 'BrahmaMandala Tantrigalige Mattu Archakarige', 7000, '2015-12-30', '2015-12-29 14:44:06'),
	(95, 1, 'Utsava-BrahmaMandala', 'Annu Bhatrige', 2000, '2015-12-30', '2015-12-29 14:45:22'),
	(96, 1, 'Utsava-Samprokshane', 'Samprokshane Bagge Melbanta Devarige', 3000, '2015-12-30', '2015-12-29 14:47:26'),
	(97, 1, 'Utsava-Varasare', 'Varasare Bakyar Chapparada Bagge', 1500, '2015-12-30', '2015-12-29 14:48:37'),
	(98, 1, 'Utsava - Bhatrige', 'Guru Bhatrige', 5313, '2015-12-29', '2015-12-29 16:20:24'),
	(99, 1, 'Utsava-Bhatrige', 'Shivaprasada Bhat', 699, '2015-12-29', '2015-12-29 16:23:01'),
	(100, 1, 'Utsava - Bhatrige', 'Brahmanigarige Balasidavarige', 2500, '2015-12-29', '2015-12-29 16:32:09'),
	(101, 1, 'Utsava - Bhatrige', 'Pundarikaksha Bhatrige', 4500, '2015-12-29', '2015-12-29 16:32:50'),
	(102, 1, 'Utsava - Melbanta', 'Patte & Shawl Bill No 018884, Sharada Sarees, Parkala', 7500, '2015-12-29', '2015-12-30 17:00:17'),
	(103, 1, 'Utsava - Ugrana', 'Shambhu 5000,Suresh 3500,Harish 3500,Prema 2500,Susheela 2500, Ananda 3000, Raju 3000, Chikki 1800', 24800, '2015-12-30', '2015-12-30 17:17:53'),
	(104, 1, 'Utsava-Grocery', 'Shanker Shetty, Mathrukripa Stores', 7800, '2015-12-30', '2015-12-30 17:19:06'),
	(105, 1, 'Utsava-Others', 'Veelyadele', 1000, '2015-12-30', '2015-12-30 17:19:59'),
	(106, 1, 'Utsava-Vinup Hegde', 'Grocery balance paid', 60700, '2015-12-30', '2015-12-30 17:28:18'),
	(107, 1, 'Sudhir Hegde', 'counter cash', 90000, '2015-12-31', '2015-12-30 18:18:14');
/*!40000 ALTER TABLE `allexpendituredata` ENABLE KEYS */;


-- Dumping structure for table brahmalingeshwara.allincomedata
CREATE TABLE IF NOT EXISTS `allincomedata` (
  `RecNo` int(11) NOT NULL,
  `Iid` int(11) NOT NULL,
  `title` varchar(2000) NOT NULL,
  `Amount` double NOT NULL,
  `Edate` date NOT NULL,
  `Bdate` datetime NOT NULL,
  PRIMARY KEY (`RecNo`,`Iid`)
) ENGINE=InnoDB DEFAULT CHARSET=utf8;

-- Dumping data for table brahmalingeshwara.allincomedata: ~45 rows (approximately)
/*!40000 ALTER TABLE `allincomedata` DISABLE KEYS */;
INSERT INTO `allincomedata` (`RecNo`, `Iid`, `title`, `Amount`, `Edate`, `Bdate`) VALUES
	(1, 1, 'Audio CD', 100, '2015-01-04', '2015-01-04 15:49:34'),
	(1, 2, 'ogfydytdy', 4, '2016-04-03', '2016-04-03 14:13:15'),
	(1, 3, 'ogfydytdy', 4, '2016-04-03', '2016-04-03 14:17:46'),
	(1, 4, 'ಎವ್ಫೆಫ್ಫೆ', 111, '2016-04-30', '2016-04-30 12:52:10'),
	(2, 1, 'CD 1', 50, '2015-01-05', '2015-01-05 13:31:54'),
	(2, 2, 'ogfydytdy', 4, '2016-04-03', '2016-04-03 14:17:22'),
	(2, 3, 'ಎವ್ಫೆಫ್ಫೆ', 111, '2016-04-30', '2016-04-30 12:39:13'),
	(3, 1, '4 Coconut(GendaSeve)', 60, '2015-01-05', '2015-01-05 18:47:49'),
	(3, 2, 'wfhwjfv', 666666, '2016-04-30', '2016-04-30 12:55:22'),
	(4, 1, '4 Coconut And 2kg Rice', 100, '2015-01-05', '2015-01-05 18:49:09'),
	(4, 2, 'wfhwj', 666666, '2016-04-30', '2016-04-30 12:58:19'),
	(5, 1, 'Photo', 300, '2015-01-07', '2015-01-07 12:47:36'),
	(6, 1, 'Faskeyinda', 6775, '2015-01-07', '2015-01-07 14:11:04'),
	(7, 1, 'Photo (150*8 100*2)', 1400, '2015-01-07', '2015-01-07 15:08:39'),
	(8, 1, 'Book 9*50', 450, '2015-01-07', '2015-01-07 15:09:01'),
	(9, 1, 'Coconut', 450, '2015-01-08', '2015-01-08 18:33:34'),
	(10, 1, 'Sandhya R Saaliyan MO', 251, '2015-01-02', '2015-01-09 13:29:22'),
	(11, 1, 'Bhaskar    MO', 1000, '2015-01-09', '2015-01-09 13:29:57'),
	(12, 1, 'Photo', 150, '2015-01-09', '2015-01-09 13:44:57'),
	(13, 1, 'ಅಕ್ಕಿ ೨ ಸೇರು', 60, '2015-12-26', '2015-12-26 12:15:32'),
	(14, 1, 'Books 2 Nos', 100, '2015-12-27', '2015-12-27 11:51:53'),
	(15, 1, 'Photo', 300, '2015-12-27', '2015-12-27 13:11:32'),
	(16, 1, 'ಫಸ್ಕೆಯಿಂದ', 5267, '2015-12-27', '2015-12-27 13:39:40'),
	(17, 1, 'Photo', 300, '2015-12-27', '2015-12-27 13:50:03'),
	(18, 1, 'Photo', 300, '2015-12-27', '2015-12-27 13:54:47'),
	(19, 1, 'Photo', 300, '2015-12-27', '2015-12-27 14:23:26'),
	(20, 1, 'Photo', 150, '2015-12-27', '2015-12-27 15:09:36'),
	(21, 1, 'Zam Zam icecream', 8000, '2015-12-27', '2015-12-27 15:56:47'),
	(22, 1, 'ತುಲಾಬಾರದ ಕಾಣಿಕೆ', 455, '2015-12-27', '2015-12-27 16:51:35'),
	(23, 1, 'Photo', 150, '2015-12-28', '2015-12-28 13:47:47'),
	(24, 1, 'Photo', 300, '2015-12-28', '2015-12-28 20:29:45'),
	(25, 1, 'Photo', 1350, '2015-12-29', '2015-12-29 02:08:48'),
	(26, 1, 'ಫಸ್ಕೆ', 200, '2015-12-28', '2015-12-29 02:12:54'),
	(27, 1, 'Photo', 300, '2015-12-29', '2015-12-29 12:15:27'),
	(28, 1, 'ಮಾರಿ ಸಮಾರಾದನೆ - ಸುಶೀಲಾ ದೇವಾಡಿಗ', 100, '2015-12-29', '2015-12-29 12:38:32'),
	(29, 1, 'MaariSamarradane Karuvina Bagge Aayare', 150, '2015-12-29', '2015-12-29 12:45:13'),
	(30, 1, 'MaariSamaaradane karuvina Bagge Keerottu', 100, '2015-12-29', '2015-12-29 12:46:24'),
	(31, 1, 'Money Order - Jayakar N Poojary', 500, '2015-12-29', '2015-12-29 14:00:58'),
	(32, 1, 'ಬ್ರಹ್ಮಲಿಂಗೇಶ್ವರ ದೇವರ ಹುಂಡಿಯಿಂದ', 95625, '2015-12-30', '2015-12-29 15:07:41'),
	(33, 1, 'ಬ್ರಹ್ಮಲಿಂಗೇಶ್ವರ ದೇವರ ಹರಿವಾಣದಿಂದ', 40056, '2015-12-30', '2015-12-29 15:08:20'),
	(34, 1, 'ಮೇಲ್ಬಂಟ ದೇವರ ಹುಂಡಿಯಿಂದ', 114128, '2015-12-30', '2015-12-29 15:08:26'),
	(35, 1, 'ಮೇಲ್ಬಂಟ ದೇವರ ಹುಂಡಿಯಿಂದ ಮೇಲ್ಬಂಟ ಪೂಜೆಯ ದಿನ', 59671, '2015-12-30', '2015-12-29 15:11:31'),
	(36, 1, 'Guru Bhat Shashwatha Pooje 13Nos', 13000, '2015-12-29', '2015-12-29 17:16:02'),
	(37, 1, 'Sashwatha Pooje Counter', 3000, '2015-12-30', '2015-12-30 17:59:23'),
	(38, 1, 'wfhwjfv', 666666, '2016-04-30', '2016-04-30 12:54:26');
/*!40000 ALTER TABLE `allincomedata` ENABLE KEYS */;


-- Dumping structure for table brahmalingeshwara.allpoojedata
CREATE TABLE IF NOT EXISTS `allpoojedata` (
  `RecNo` int(11) NOT NULL,
  `Quantity` int(2) NOT NULL,
  `Name` varchar(2000) NOT NULL,
  `Pid` int(11) NOT NULL,
  `PDate` date NOT NULL,
  `BDate` datetime NOT NULL,
  PRIMARY KEY (`RecNo`,`Pid`)
) ENGINE=InnoDB DEFAULT CHARSET=utf8;

-- Dumping data for table brahmalingeshwara.allpoojedata: ~774 rows (approximately)
/*!40000 ALTER TABLE `allpoojedata` DISABLE KEYS */;
INSERT INTO `allpoojedata` (`RecNo`, `Quantity`, `Name`, `Pid`, `PDate`, `BDate`) VALUES
	(1, 1, 'Shashikala Shetty Devashya', 2, '2015-09-13', '2015-09-13 16:28:34'),
	(1, 1, 'Ganesh Shetty Devashya', 3, '2015-01-06', '2015-01-03 20:25:43'),
	(1, 1, 'RitheshKeerabettu', 4, '2015-01-05', '2015-01-03 14:53:46'),
	(1, 1, 'Sumitra Dharkaasu Mane Kanajr', 5, '2015-01-07', '2015-01-06 11:48:31'),
	(1, 1, 'Sandeep', 6, '2015-01-04', '2015-01-04 11:51:13'),
	(1, 1, 'Lokesh Kanajar', 7, '2015-01-04', '2015-01-04 14:55:22'),
	(1, 1, 'ದೀಪಕ್', 8, '2015-12-25', '2015-12-25 12:00:07'),
	(2, 1, 'Ganesh Shetty Devashya', 2, '2015-09-06', '2015-09-13 15:52:06'),
	(2, 1, 'Ananda Shetty', 3, '2015-01-04', '2015-01-04 10:48:57'),
	(2, 1, 'Maalathi Sudesh', 4, '2015-01-05', '2015-01-04 14:06:16'),
	(2, 1, 'Arya', 5, '2015-01-07', '2015-01-07 09:45:25'),
	(2, 1, 'Varija Shetty', 6, '2015-01-04', '2015-01-04 11:51:57'),
	(2, 1, 'Supriya Udupi', 7, '2015-01-05', '2015-01-05 12:05:11'),
	(3, 1, 'Daksh Sanil Keerabettu', 2, '2015-01-05', '2015-01-03 14:58:52'),
	(3, 1, 'Ananda Poojary Kepul', 3, '2015-01-05', '2015-01-04 19:30:52'),
	(3, 1, 'Vinoda Shetty Berke Mane', 4, '2015-01-05', '2015-01-04 20:01:38'),
	(3, 1, 'Krithik', 5, '2015-01-07', '2015-01-07 09:55:08'),
	(3, 1, 'Lalitha Girish Kotyan', 6, '2015-01-05', '2015-01-05 12:18:55'),
	(3, 1, 'Priya Udupi', 7, '2015-01-05', '2015-01-05 12:05:33'),
	(4, 1, 'Rithesh   Keerabettu', 2, '2015-01-05', '2015-01-03 14:59:26'),
	(4, 1, 'Mehesh Poojary Kepul', 3, '2015-01-05', '2015-01-04 19:31:49'),
	(4, 1, 'Shashikala Varasare Bakyar', 4, '2015-01-05', '2015-01-04 20:06:44'),
	(4, 1, 'Sampritha Acharya', 5, '2015-01-07', '2015-01-07 10:14:08'),
	(4, 1, 'Latha Anand Poojary', 6, '2015-01-05', '2015-01-05 12:19:53'),
	(4, 1, 'Gopalkrishna  Bhat', 7, '2015-01-06', '2015-01-06 10:59:12'),
	(5, 1, 'Jayashree Kolakebail', 2, '2015-01-05', '2015-01-03 20:36:50'),
	(5, 1, 'Abhishek Poojary Kepul', 3, '2015-01-05', '2015-01-04 19:32:14'),
	(5, 1, 'Akshatha Shetty', 4, '2015-01-05', '2015-01-05 11:19:22'),
	(5, 1, 'Naveen Shetty', 5, '2015-01-07', '2015-01-07 10:30:51'),
	(5, 1, 'Pushpa Kanthamajalu', 6, '2015-01-05', '2015-01-05 12:20:36'),
	(5, 1, 'Pradeep', 7, '2015-01-06', '2015-01-06 10:59:52'),
	(6, 1, 'Jagadeesha Kolakebail', 2, '2015-01-05', '2015-01-03 20:37:22'),
	(6, 1, 'Abhijeeth Poojary Kepul', 3, '2015-01-05', '2015-01-04 19:32:36'),
	(6, 1, 'Achutha Acharya', 4, '2015-01-05', '2015-01-05 11:24:42'),
	(6, 1, 'Anvish', 5, '2015-01-07', '2015-01-07 10:33:54'),
	(6, 1, 'Sudharshan', 6, '2015-01-05', '2015-01-05 19:45:39'),
	(6, 1, ' Shankar Shetty Guddeyangadi', 7, '2015-01-06', '2015-01-06 12:01:29'),
	(7, 1, 'Mohandasa Shetty Beeja Pelathuru', 2, '2015-01-05', '2015-01-03 20:38:49'),
	(7, 1, 'Indira Shetty Mattu Makkalu', 3, '2015-01-06', '2015-01-05 12:48:25'),
	(7, 1, 'Shakunthala Kolakebailu', 4, '2015-01-05', '2015-01-05 11:40:41'),
	(7, 1, 'Abhishna ', 5, '2015-01-07', '2015-01-07 10:37:03'),
	(7, 1, 'Shodhan', 6, '2015-01-05', '2015-01-05 19:46:00'),
	(7, 1, 'Suchetha Ajith', 7, '2015-01-07', '2015-01-07 11:11:12'),
	(8, 1, 'Shwetha Ramesh Raajeevanagara', 2, '2015-01-06', '2015-01-04 14:02:09'),
	(8, 1, 'Vinayak Shetty Devashya', 3, '2015-01-06', '2015-01-06 10:24:32'),
	(8, 1, 'Raveena Kolakebailu', 4, '2015-01-05', '2015-01-05 11:41:37'),
	(8, 1, 'Suman', 5, '2015-01-07', '2015-01-07 10:59:29'),
	(8, 1, 'Shamith ', 6, '2015-01-05', '2015-01-05 19:46:46'),
	(8, 1, 'Shubhakar Shetty', 7, '2015-01-07', '2015-01-07 11:11:41'),
	(9, 1, 'Praveen Karkera ', 2, '2015-01-05', '2015-01-04 14:07:20'),
	(9, 1, 'Prabhakar Shetty Devashya', 3, '2015-01-06', '2015-01-06 10:24:46'),
	(9, 1, 'Gulabi Balakrishna Hegde', 4, '2015-01-05', '2015-01-05 11:44:32'),
	(9, 1, 'Sumanth Acharya', 5, '2015-01-07', '2015-01-07 11:01:18'),
	(9, 1, 'Sameeksha ', 6, '2015-01-05', '2015-01-05 19:47:01'),
	(9, 1, 'Vinay Pai', 7, '2015-01-07', '2015-01-07 11:20:02'),
	(10, 1, 'Susheela Karkera', 2, '2015-01-05', '2015-09-13 16:29:56'),
	(10, 1, 'Vivekananda Hegde Patelara Mane', 3, '2015-01-06', '2015-01-06 11:03:26'),
	(10, 1, 'Shakunathala Suresh Amin', 4, '2015-01-05', '2015-01-05 12:14:53'),
	(10, 1, 'Suraksha', 5, '2015-01-07', '2015-01-07 11:01:46'),
	(10, 1, 'Pramoda', 6, '2015-01-05', '2015-01-05 19:47:15'),
	(10, 1, 'Ranjitha Uday Kumar', 7, '2015-01-07', '2015-01-07 11:21:42'),
	(11, 1, 'Veena Devarabetu', 2, '2015-01-05', '2015-01-04 14:10:59'),
	(11, 1, 'Deekshith Bhandari', 3, '2015-01-06', '2015-01-06 11:25:35'),
	(11, 1, 'Latha Anand Poojary', 4, '2015-01-05', '2015-01-05 12:16:52'),
	(11, 1, 'Soumya Anil Shetty', 5, '2015-01-07', '2015-01-07 11:38:29'),
	(11, 1, 'Shriya Shetty', 6, '2015-01-05', '2015-01-05 20:38:26'),
	(11, 1, 'Harish Shettigar', 7, '2015-01-07', '2015-01-07 12:18:30'),
	(12, 1, 'Daakshyani Devarabettu', 2, '2015-01-05', '2015-01-04 14:11:33'),
	(12, 1, 'Sumitra Dharkaasu Mane Kanajr', 3, '2015-01-06', '2015-01-06 11:59:26'),
	(12, 1, 'Kavya K Poojary', 4, '2015-01-05', '2015-01-05 12:22:08'),
	(12, 1, 'ರಾಮಕೃಷ್ಣ ಮಂಜಿತ್ತಾಯ', 5, '2015-12-27', '2015-12-26 14:30:30'),
	(12, 1, 'Vijay Shetty DevshyaMane', 6, '2015-01-06', '2015-01-05 21:15:20'),
	(12, 1, 'ಅಶೋಕ್ ಸಂಜೀವ ಹೆಗ್ದೆ', 7, '2015-12-25', '2015-12-25 18:48:47'),
	(13, 1, 'Dinesh Dharkaasu Kanajar', 2, '2015-01-06', '2015-01-04 14:16:37'),
	(13, 1, 'Ranjith Kolkebail', 3, '2015-01-06', '2015-01-06 12:44:35'),
	(13, 1, 'Ravija Nayak', 4, '2015-01-05', '2015-01-05 12:23:06'),
	(13, 1, 'Aruna Dayananda Shetty Thenkumane', 5, '2015-12-27', '2015-12-26 14:36:44'),
	(13, 1, 'Shreya Shetty  DevshyaMane', 6, '2015-01-06', '2015-01-05 21:15:49'),
	(13, 1, 'ಶಂಕರ್ ಶೆಟ್ಟಿ ಗುಡ್ಡೆಯಂಗಡಿ', 7, '2015-12-26', '2015-12-26 10:18:45'),
	(14, 1, 'Vijaya Dharkaasu Kanajar', 2, '2015-01-06', '2015-01-04 14:17:05'),
	(14, 1, 'Gulaabi Baalakrishna Hegde Tenkumane', 3, '2015-01-06', '2015-01-06 14:27:23'),
	(14, 1, 'Manoj Nayak', 4, '2015-01-05', '2015-01-05 12:23:36'),
	(14, 1, 'Arushi Vijaya Shetty', 5, '2015-12-27', '2015-12-25 21:39:21'),
	(14, 1, ' Dayanand Shetty DevshyaMane', 6, '2015-01-06', '2015-01-05 21:16:10'),
	(14, 1, 'ಹರೀಶ್ ಶೆಟ್ಟಿಗಾರ್', 7, '2015-12-26', '2015-12-26 13:44:49'),
	(15, 1, 'Supriya Dharkaasu kanajar', 2, '2015-01-06', '2015-01-04 14:17:41'),
	(15, 1, 'Shivaprasada Shetty DevashyaMane', 3, '2015-01-06', '2015-01-06 14:40:31'),
	(15, 1, 'Shalini ', 4, '2015-01-05', '2015-01-05 12:24:26'),
	(15, 1, 'ಆಕ್ಶಿತ ನೀರೆ', 5, '2015-12-27', '2015-12-26 14:37:16'),
	(15, 1, ' Sahil Shetty DevshyaMane', 6, '2015-01-06', '2015-01-05 21:16:28'),
	(15, 1, 'ಸಿಂಚನ', 7, '2015-12-26', '2015-12-26 19:00:15'),
	(16, 1, 'Gulaabi Suvarna Krupa', 2, '2015-01-06', '2015-01-04 14:38:54'),
	(16, 1, 'Vasanthi Shetty  DevashyaMane', 3, '2015-01-06', '2015-01-06 14:41:04'),
	(16, 1, 'Pushpalatha', 4, '2015-01-05', '2015-01-05 12:26:44'),
	(16, 1, 'ಸಂಕೇತ್ ಶೆಟ್ಟಿ, ಚಾರ', 5, '2015-12-27', '2015-12-26 14:44:06'),
	(16, 1, 'Bojanna Hosamane', 6, '2015-01-06', '2015-01-05 21:16:54'),
	(16, 1, 'ಸತೀಶ್', 7, '2015-12-27', '2015-12-27 10:49:49'),
	(17, 1, 'Harisha Suvarna Krupa', 2, '2015-01-06', '2015-01-04 14:39:26'),
	(17, 1, 'Dineshchandra Hegde Patelara Mane Kadekaaru', 3, '2015-01-06', '2015-01-06 18:41:47'),
	(17, 1, 'Vijayalaxmi', 4, '2015-01-05', '2015-01-05 12:31:29'),
	(17, 1, 'Muralidhar Nayak Pattla', 5, '2015-12-27', '2015-12-26 22:31:02'),
	(17, 1, 'Akshatha Shetty  DevshyaMane', 6, '2015-01-06', '2015-01-05 21:17:27'),
	(17, 1, 'Manjunaath', 7, '2015-12-27', '2015-12-27 12:05:29'),
	(18, 1, 'Prameela Suvarna Krupa', 2, '2015-01-06', '2015-01-04 14:39:45'),
	(18, 1, 'Shila Venkatesh ', 3, '2015-01-06', '2015-01-06 19:09:29'),
	(18, 1, 'Rekha Iliyal', 4, '2015-01-05', '2015-01-05 12:37:10'),
	(18, 1, 'ಸತೀಶ್ ಶೆಟ್ಟಿ', 5, '2015-12-27', '2015-12-27 09:30:26'),
	(18, 1, 'Vinayak Shetty  DevshyaMane', 6, '2015-01-06', '2015-01-05 21:17:55'),
	(18, 1, 'Shrvan Raaj', 7, '2015-12-27', '2015-12-27 12:44:40'),
	(19, 1, 'Udaya Suvarna  Krupa', 2, '2015-01-06', '2015-01-04 14:40:11'),
	(19, 1, 'Jithendra Shetty Devashya', 3, '2015-01-06', '2015-01-06 19:50:14'),
	(19, 1, 'Vinutha', 4, '2015-01-05', '2015-01-05 12:41:55'),
	(19, 1, 'ಎಲ್. ನಂದನ್, ಕೊಪ್ಪ', 5, '2015-12-27', '2015-12-27 09:40:10'),
	(19, 1, 'Theertha Shetty  DevshyaMane', 6, '2015-01-06', '2015-01-05 21:18:24'),
	(19, 1, 'Premananda', 7, '2015-12-27', '2015-12-27 17:34:41'),
	(20, 1, 'Anil Poojary', 2, '2015-01-06', '2015-01-04 14:44:30'),
	(20, 1, 'Akil Shetty Devashya', 3, '2015-01-06', '2015-01-06 19:50:31'),
	(20, 1, 'Deepa Rao', 4, '2015-01-05', '2015-01-05 12:42:21'),
	(20, 1, 'ಸೋಹನ್ ಶೆಟ್ಟಿ', 5, '2015-12-27', '2015-12-27 10:14:51'),
	(20, 1, 'Shankar Suvarna', 6, '2015-01-05', '2015-01-05 22:20:49'),
	(20, 1, 'Ananda', 7, '2015-12-27', '2015-12-27 17:34:56'),
	(21, 1, 'Vanith Poojary Kepul', 2, '2015-01-05', '2015-01-04 14:45:14'),
	(21, 1, 'Aman Shetty Devashya', 3, '2015-01-06', '2015-01-06 19:51:00'),
	(21, 1, 'Amitha Laxmi Nilaya', 4, '2015-01-05', '2015-01-05 12:49:26'),
	(21, 1, 'ಉದಯ', 5, '2015-12-27', '2015-12-27 10:21:54'),
	(21, 1, 'Sushma', 6, '2015-01-05', '2015-01-05 22:56:48'),
	(22, 1, 'Vanaja Acharthi Kalkar', 2, '2015-01-05', '2015-01-04 18:48:56'),
	(22, 1, 'Ravi A Shetty', 3, '2015-01-06', '2015-01-06 19:56:27'),
	(22, 1, 'Sushma Shetty', 4, '2015-01-05', '2015-01-05 12:53:46'),
	(22, 1, 'ಜಯ ಶೆಟ್ಟಿ ಕೆಳದೇವಶ್ಯ', 5, '2015-12-27', '2015-12-27 10:31:18'),
	(22, 1, 'Srishti Shetty', 6, '2015-01-06', '2015-01-05 23:36:12'),
	(23, 1, 'Raju Sapaliga Kolkebail', 2, '2015-01-05', '2015-01-04 19:37:42'),
	(23, 1, 'Nathasaha Shetty', 3, '2015-01-06', '2015-01-06 19:56:42'),
	(23, 1, 'Getha Shankara Suvarana', 4, '2015-01-05', '2015-01-05 13:02:09'),
	(23, 1, 'ಸಂತೋಶ್ ದೇವಾಡಿಗ', 5, '2015-12-27', '2015-12-27 10:36:59'),
	(23, 1, 'Sakshi Shetty Devasya', 6, '2015-01-06', '2015-01-05 23:37:12'),
	(24, 1, 'Ramesh Kolkebail', 2, '2015-01-05', '2015-01-04 19:38:08'),
	(24, 1, 'Esha Shetty ', 3, '2015-01-06', '2015-01-06 19:57:00'),
	(24, 1, 'Vijaya Kowdoor', 4, '2015-01-05', '2015-01-05 13:06:32'),
	(24, 1, 'ವರುಣ್ ಕೊಳ್ಕೆಬೈಲ್', 5, '2015-12-27', '2015-12-27 10:41:34'),
	(24, 1, 'Yash ', 6, '2015-01-06', '2015-01-06 09:55:30'),
	(25, 1, 'Shyama Mendon', 2, '2015-01-05', '2015-01-04 19:40:06'),
	(25, 1, 'Geetha Shetty', 3, '2015-01-06', '2015-01-06 19:57:50'),
	(25, 1, 'Preethi ', 4, '2015-01-05', '2015-01-05 13:24:52'),
	(25, 1, 'ಒಂ ಶೆಟ್ಟಿ', 5, '2015-12-27', '2015-12-27 11:01:49'),
	(25, 1, 'Rakshith', 6, '2015-01-06', '2015-01-06 12:02:19'),
	(26, 1, 'Shekar Madaga', 2, '2015-01-06', '2015-01-05 11:12:26'),
	(26, 1, 'Uma Sooryakanth Shetty & Fly', 3, '2015-01-06', '2015-01-06 20:03:37'),
	(26, 1, 'Prema ', 4, '2015-01-05', '2015-01-05 13:26:13'),
	(26, 1, 'Avinaash Varasarebaakyar', 5, '2015-12-27', '2015-12-27 11:37:34'),
	(26, 1, 'Harshitha', 6, '2015-01-06', '2015-01-06 12:02:36'),
	(27, 1, 'Chakra', 2, '2015-01-05', '2015-01-05 11:18:33'),
	(27, 1, 'Shubhananda Shetty & Fly', 3, '2015-01-06', '2015-01-06 20:03:59'),
	(27, 1, 'Sachin', 4, '2015-01-05', '2015-01-05 13:27:05'),
	(27, 1, 'Ashwath Shetty', 5, '2015-12-27', '2015-12-27 11:52:56'),
	(27, 1, 'Sukesh', 6, '2015-01-06', '2015-01-06 12:11:54'),
	(28, 1, 'Roshini Mapunja', 2, '2015-01-05', '2015-01-05 11:43:04'),
	(28, 1, 'Dr M. B Achar Mangalabakyar', 3, '2015-01-06', '2015-01-06 21:05:03'),
	(28, 1, 'Sunitha Kepulu', 4, '2015-01-05', '2015-01-05 13:27:49'),
	(28, 1, 'Namrutha shetty', 5, '2015-12-27', '2015-12-27 11:53:16'),
	(28, 1, 'Supriya', 6, '2015-01-06', '2015-01-06 12:12:19'),
	(29, 1, 'Shruthi Mapunja', 2, '2015-01-05', '2015-01-05 11:51:41'),
	(29, 1, 'Jayalakshmi Krishnamoorthi Rao', 3, '2015-01-06', '2015-01-06 21:05:38'),
	(29, 1, 'Saritha Suresh Shetty', 4, '2015-01-05', '2015-01-05 13:31:05'),
	(29, 1, 'Sunanda ', 6, '2015-01-06', '2015-01-06 12:13:01'),
	(30, 1, 'Sushma Mapunja', 2, '2015-01-05', '2015-01-05 11:54:40'),
	(30, 1, 'Meenakshi Hebbar', 3, '2015-01-06', '2015-01-06 21:06:04'),
	(30, 1, 'Tara Keladevashya', 4, '2015-01-05', '2015-01-05 18:07:12'),
	(30, 1, 'Sachhidananda', 6, '2015-01-06', '2015-01-06 12:14:19'),
	(31, 1, 'Shravya Mapunja', 2, '2015-01-05', '2015-01-05 11:55:04'),
	(31, 1, 'ಗಣೇಶ', 3, '2015-12-26', '2015-12-24 11:19:14'),
	(31, 1, 'Sujatha keladevashya', 4, '2015-01-05', '2015-01-05 18:07:42'),
	(31, 1, 'Santhosh', 6, '2015-01-06', '2015-01-06 12:15:06'),
	(32, 1, 'Shreya Mapunja', 2, '2015-01-05', '2015-01-05 11:55:46'),
	(32, 1, 'ಶುಭಕರ ಶೆಟ್ಟಿ', 3, '2015-12-24', '2015-12-24 15:26:12'),
	(32, 1, 'Shakuntala Maapunja', 4, '2015-01-05', '2015-01-05 18:08:17'),
	(32, 1, 'Kaarthik', 6, '2015-01-06', '2015-01-06 12:15:29'),
	(33, 1, 'Shambhu Mapunja', 2, '2015-01-05', '2015-01-05 11:56:35'),
	(33, 1, 'ಮಹೇಶ್', 3, '2015-12-26', '2015-12-25 11:28:38'),
	(33, 1, 'Raadhika Maapunja Kanajar', 4, '2015-01-05', '2015-01-05 18:08:44'),
	(33, 1, 'Shakuntala', 6, '2015-01-06', '2015-01-06 12:15:49'),
	(34, 1, 'Amith Mapunja', 2, '2015-01-05', '2015-01-05 11:57:29'),
	(34, 1, 'ಅಭಿಷೇಕ್ , ಅಭಿಜಿತ್', 3, '2015-12-26', '2015-12-25 11:30:49'),
	(34, 1, 'Supreetha Kawdoor Kodimane', 4, '2015-01-05', '2015-01-05 18:39:44'),
	(34, 1, 'Shashikala Shetty Kawdoor', 6, '2015-01-06', '2015-01-06 12:16:32'),
	(35, 1, 'Ravi', 2, '2015-01-05', '2015-01-05 12:07:15'),
	(35, 1, 'ರಕ್ಸಿತ್ ಶೆಟ್ಟಿ', 3, '2015-12-26', '2015-12-25 13:38:50'),
	(35, 1, 'Prateeksha  Neere', 4, '2015-01-05', '2015-01-05 18:41:40'),
	(35, 1, 'Kusumakka Nire ', 6, '2015-01-06', '2015-01-06 12:20:37'),
	(36, 1, 'Gulabi Poojary', 2, '2015-01-05', '2015-01-05 12:21:25'),
	(36, 1, 'ದಿನೇಶ್ ಹೆಗ್ಡೆ ದೊಡ್ದಮನೆ', 3, '2015-12-25', '2015-12-25 19:42:05'),
	(36, 1, 'Suma Shetty', 4, '2015-01-05', '2015-01-05 18:48:04'),
	(36, 1, 'Prema Pujarthi', 6, '2015-01-06', '2015-01-06 12:22:14'),
	(37, 1, 'Umavathi Shetty', 2, '2015-01-06', '2015-01-05 12:28:52'),
	(37, 1, 'Prabhakar H Shetty', 3, '2015-12-26', '2015-12-26 00:19:29'),
	(37, 1, 'Ganapathi Vitoba Naik', 4, '2015-01-05', '2015-01-05 18:55:33'),
	(37, 1, 'Tulasi   Tula Raashi', 6, '2015-01-06', '2015-01-06 19:02:30'),
	(38, 1, 'Umavathi Shetty Hosamane', 2, '2015-01-06', '2015-01-05 12:29:26'),
	(38, 1, 'ದೀಕ್ಶಿತ್', 3, '2015-12-26', '2015-12-26 11:20:46'),
	(38, 1, 'Vijayashree Dheeraj', 4, '2015-01-05', '2015-01-05 19:15:25'),
	(38, 1, 'Rahul Tula raashi', 6, '2015-01-06', '2015-01-06 19:02:53'),
	(39, 1, 'Ravindranath Mapunja', 2, '2015-01-05', '2015-01-05 12:30:17'),
	(39, 1, 'ಶೋಭ ಡಿ ಶೆಟ್ಟಿ ದೇವಶ್ಯಮನೆ', 3, '2015-12-26', '2015-12-26 11:56:17'),
	(39, 1, 'Jyothi Kolkebail', 4, '2015-01-05', '2015-01-05 19:37:46'),
	(39, 1, 'Veerendra Bhaarathi Shankar', 6, '2015-01-06', '2015-01-06 19:03:29'),
	(40, 1, 'Krishnappa Poojary', 2, '2015-01-05', '2015-01-05 12:38:46'),
	(40, 1, 'ಗುಲಾಬಿ ಬಾಲಕೃಷ್ಣ ಹೆಗ್ಡೆ ತೆಂಕುಮನೆ', 3, '2015-12-26', '2015-12-26 14:10:44'),
	(40, 1, 'Deeksha Kolkebail', 4, '2015-01-05', '2015-01-05 19:38:06'),
	(40, 1, 'Ranjan Bangalore', 6, '2015-01-06', '2015-01-06 19:04:03'),
	(41, 1, 'Rathnavathi Shivaram Shetty Mattu Makkalu Kepulu', 2, '2015-01-06', '2015-01-05 12:43:30'),
	(41, 1, 'ವಿವೇಕಾನಂದ ಹೆಗ್ದೆ ಪಠೇಲರ ಮನೆ', 3, '2015-12-26', '2015-12-26 18:35:30'),
	(41, 1, 'Veena Nayak Madibettu', 4, '2015-01-04', '2015-01-05 19:38:46'),
	(41, 1, 'Paapu Rashmi Harish', 6, '2015-01-06', '2015-01-06 19:04:34'),
	(42, 1, 'Vidya Shetty Kolakebailu', 2, '2015-01-05', '2015-01-05 12:57:47'),
	(42, 1, 'ವಿನಯ ಅಶೋಕ್ ಶೆಟ್ಟಿ, ದೇವಶ್ಯ', 3, '2015-12-26', '2015-12-26 18:42:05'),
	(42, 1, 'Jayashree ', 4, '2015-01-05', '2015-01-05 19:39:31'),
	(42, 1, 'Amrutha Annapoorna', 6, '2015-01-06', '2015-01-06 19:05:04'),
	(43, 1, 'Sushma Shetty', 2, '2015-01-05', '2015-01-05 12:58:14'),
	(43, 1, 'Dr. Akhil Shetty', 3, '2015-12-26', '2015-12-26 19:06:11'),
	(43, 1, 'Dayananda Devadiga Karkala', 4, '2015-01-05', '2015-01-05 19:39:54'),
	(43, 1, 'Shashaank Manjunaath Bharathi', 6, '2015-01-06', '2015-01-06 19:14:49'),
	(44, 1, 'Jaganatha Shetty Barpani', 2, '2015-01-06', '2015-01-05 12:59:17'),
	(44, 1, 'Amol Shetty', 3, '2015-12-26', '2015-12-26 19:06:30'),
	(44, 1, 'Pramoda ', 4, '2015-01-05', '2015-01-05 19:40:38'),
	(44, 1, 'Inchara Manjunaath Bharathi', 6, '2015-01-06', '2015-01-06 19:15:08'),
	(45, 1, 'Vasanthi', 2, '2015-01-05', '2015-01-05 12:59:46'),
	(45, 1, 'Anshool Shetty', 3, '2015-12-26', '2015-12-26 19:06:52'),
	(45, 1, 'Chethan V shetty', 4, '2015-01-05', '2015-01-05 19:54:07'),
	(45, 1, 'Madmini Manjula Poornesh', 6, '2015-01-06', '2015-01-06 19:15:28'),
	(46, 1, 'Getha Shankara Suvarna', 2, '2015-01-05', '2015-01-05 13:01:34'),
	(46, 1, 'Sudhakara Shetty Devashya', 3, '2015-12-26', '2015-12-26 19:46:40'),
	(46, 1, 'Akash Asha', 4, '2015-01-05', '2015-01-05 19:54:44'),
	(46, 1, 'Laksmi Manjula Poornesh', 6, '2015-01-06', '2015-01-06 19:15:58'),
	(47, 1, 'Santhosh ', 2, '2015-01-05', '2015-01-05 13:03:19'),
	(47, 1, 'Vasanthi Hegde Devashya', 3, '2015-12-26', '2015-12-26 19:47:07'),
	(47, 1, 'Shravan Govindabettu', 4, '2015-01-05', '2015-01-05 20:01:53'),
	(47, 1, 'Raksha Sridhar Deepa Nagidaalu', 6, '2015-01-06', '2015-01-06 19:16:34'),
	(48, 1, 'Vishala Shetty', 2, '2015-01-05', '2015-01-05 13:28:53'),
	(48, 1, 'NavvenChandra Shetty', 3, '2015-12-26', '2015-12-26 19:47:28'),
	(48, 1, 'Mithaali ', 4, '2015-01-05', '2015-01-05 20:08:02'),
	(48, 1, 'Saujanya Shrimathi Sunil', 6, '2015-01-06', '2015-01-06 19:16:57'),
	(49, 1, 'Vasantha shetty Kolkebail', 2, '2015-01-05', '2015-01-05 18:40:42'),
	(49, 1, 'Karun Shetty', 3, '2015-12-26', '2015-12-26 19:48:01'),
	(49, 1, 'Suraksha Kanajar', 4, '2015-01-05', '2015-01-05 20:09:34'),
	(49, 1, 'Nandan Latha Lakshminarayana', 6, '2015-01-06', '2015-01-06 19:17:26'),
	(50, 1, 'Pradeep Shetty Kolkebil', 2, '2015-01-05', '2015-01-05 18:44:28'),
	(50, 1, 'Ranjith', 3, '2015-12-26', '2015-12-26 19:54:00'),
	(50, 1, 'Vijaya Muniyaal', 4, '2015-01-05', '2015-01-05 20:09:59'),
	(50, 1, 'Ganapathi Vithob Nayak', 6, '2015-01-06', '2015-01-06 19:20:11'),
	(51, 1, 'Pradeep Shetty Kolkebail', 2, '2015-01-05', '2015-01-05 18:44:59'),
	(51, 1, 'Vasanti Shetty', 3, '2015-12-26', '2015-12-26 21:13:25'),
	(51, 1, 'Vyshaali Kanajar', 4, '2015-01-05', '2015-01-05 20:10:33'),
	(51, 1, 'Gauramma ', 6, '2015-01-06', '2015-01-06 19:20:30'),
	(52, 1, 'Jaya Poojary Palli', 2, '2015-01-05', '2015-01-05 19:16:41'),
	(52, 1, 'Dr, M B Achar', 3, '2015-12-26', '2015-12-26 21:14:52'),
	(52, 1, 'Poornima ', 4, '2015-01-05', '2015-01-05 20:15:32'),
	(52, 1, 'Dharshan ', 6, '2015-01-06', '2015-01-06 19:21:15'),
	(53, 1, 'Dayananda Hegde', 2, '2015-01-06', '2015-01-05 19:41:38'),
	(53, 1, 'Jayalakshmi rao', 3, '2015-12-26', '2015-12-26 21:15:19'),
	(53, 1, 'Amitha Madibettu', 4, '2015-01-05', '2015-01-05 20:26:35'),
	(53, 1, 'Prasad ', 6, '2015-01-06', '2015-01-06 19:21:37'),
	(54, 1, 'Bimba Hegde', 2, '2015-01-06', '2015-01-05 19:41:58'),
	(54, 1, 'Meenakshi hebbar', 3, '2015-12-26', '2015-12-26 21:15:37'),
	(54, 1, 'Asha Madibettu', 4, '2015-01-05', '2015-01-05 20:26:47'),
	(54, 1, 'Reshma', 6, '2015-01-06', '2015-01-06 20:56:11'),
	(55, 1, 'Jyothi Narayana , Naveen Shetty', 2, '2015-01-05', '2015-01-05 19:51:51'),
	(55, 1, 'Vishwanaath Shetty kawdoor', 3, '2015-12-26', '2015-12-26 21:19:12'),
	(55, 1, 'Harish ', 4, '2015-01-05', '2015-01-05 20:28:17'),
	(55, 1, 'Roshan', 6, '2015-01-06', '2015-01-06 20:56:39'),
	(56, 1, 'Nisha Sujith Varun Shetty', 2, '2015-01-05', '2015-01-05 19:53:00'),
	(56, 1, 'Prakash Hegde', 3, '2015-12-26', '2015-12-26 21:37:13'),
	(56, 1, 'Vanaja Acharthi', 4, '2015-01-05', '2015-01-05 22:34:00'),
	(56, 1, 'Rashmitha', 6, '2015-01-06', '2015-01-06 20:57:10'),
	(57, 1, 'Swapna Manodhar Khushi Shetty', 2, '2015-01-05', '2015-01-05 19:53:37'),
	(57, 1, 'Shaila Hegde', 3, '2015-12-26', '2015-12-26 21:38:13'),
	(57, 1, 'ಸುಪ್ರಿತಾ, ನೀರೆ', 4, '2015-12-25', '2015-12-25 09:08:55'),
	(57, 1, 'Dayananda', 6, '2015-01-06', '2015-01-06 20:57:29'),
	(58, 1, 'Prem Raj Shetty', 2, '2015-01-05', '2015-01-05 19:55:36'),
	(58, 1, 'Venkatesh shetty', 3, '2015-12-26', '2015-12-26 21:38:35'),
	(58, 1, 'ಶಶಿ ಶೆಟ್ಟಿ', 4, '2015-12-25', '2015-12-25 10:37:34'),
	(58, 1, 'Shakuntala', 6, '2015-01-06', '2015-01-06 20:57:46'),
	(59, 1, 'Prameela Shetty', 2, '2015-01-05', '2015-01-05 19:55:55'),
	(59, 1, 'Sumathi Hegde Devashya', 3, '2015-12-26', '2015-12-26 21:40:10'),
	(59, 1, 'Krishna', 4, '2015-12-25', '2015-12-25 11:21:26'),
	(59, 1, 'Jagadish Nikshitha', 6, '2015-01-07', '2015-01-07 09:07:35'),
	(60, 1, 'Praveen Shetty', 2, '2015-01-05', '2015-01-05 19:56:35'),
	(60, 1, 'Sukanya Poojary', 4, '2015-12-25', '2015-12-25 11:22:27'),
	(60, 1, 'Raghava Bhandary', 6, '2015-01-07', '2015-01-07 10:12:46'),
	(61, 1, 'Venogopaal Shetty', 2, '2015-01-05', '2015-01-05 19:57:32'),
	(61, 1, 'Jyothi', 4, '2015-12-25', '2015-12-25 11:26:37'),
	(61, 1, 'Sannith Shreya', 6, '2015-01-07', '2015-01-07 10:31:47'),
	(62, 1, 'Akash ', 2, '2015-01-05', '2015-01-05 19:58:09'),
	(62, 1, 'Vijaya', 4, '2015-12-25', '2015-12-25 11:27:03'),
	(62, 1, 'Shankar And Family', 6, '2015-01-07', '2015-01-07 10:32:38'),
	(63, 1, 'Aarush Maapunja', 2, '2015-01-05', '2015-01-05 19:59:02'),
	(63, 1, 'ಸಂದೀಪ್', 4, '2015-12-25', '2015-12-25 11:34:33'),
	(63, 1, 'Vishal', 6, '2015-01-07', '2015-01-07 12:05:01'),
	(64, 1, 'Vishwanaath Hegde Kotrabakyar', 2, '2015-01-06', '2015-01-05 20:02:58'),
	(64, 1, 'ಕೀಶೊರ್ , ಹರಿಣಿ', 4, '2015-12-25', '2015-12-25 11:35:57'),
	(64, 1, 'Pratham', 6, '2015-01-07', '2015-01-07 12:05:31'),
	(65, 1, 'Suresh hegde Kotrabakyar', 2, '2015-01-06', '2015-01-05 20:03:22'),
	(65, 1, 'ಪ್ರವೀಣ್', 4, '2015-12-25', '2015-12-25 11:49:52'),
	(65, 1, 'Prathiksha', 6, '2015-01-07', '2015-01-07 12:05:51'),
	(66, 1, 'Preetham hegde Kotrabakya', 2, '2015-01-06', '2015-01-05 20:03:42'),
	(66, 1, 'Pushpa', 4, '2015-12-25', '2015-12-25 11:51:30'),
	(66, 1, 'Akhsay', 6, '2015-01-07', '2015-01-07 12:14:44'),
	(67, 1, 'Prasad hegde Kotrabakyar', 2, '2015-01-06', '2015-01-05 20:03:59'),
	(67, 1, 'ವೀಣಾ ಶೆಟ್ಟಿ', 4, '2015-12-25', '2015-12-25 12:08:56'),
	(67, 1, 'Abhjith Shetty', 6, '2015-01-07', '2015-01-07 12:40:31'),
	(68, 1, 'Vanith Shetty', 2, '2015-01-05', '2015-01-05 20:06:18'),
	(68, 1, 'ಶಶಿ ಶೆಟ್ಟಿ', 4, '2015-12-25', '2015-12-25 12:09:36'),
	(68, 1, 'Akshay Shetty', 6, '2015-01-07', '2015-01-07 12:40:50'),
	(69, 1, 'dhananjaya Shetty', 2, '2015-01-05', '2015-01-05 20:06:50'),
	(69, 1, 'Amrutha Shetty', 4, '2015-12-25', '2015-12-25 12:22:16'),
	(69, 1, 'Arya Shetty', 6, '2015-01-07', '2015-01-07 12:46:24'),
	(70, 1, 'Prashaanth Shetty', 2, '2015-01-06', '2015-01-05 20:07:13'),
	(70, 1, 'Manjunath Shetty', 4, '2015-12-25', '2015-12-25 12:22:43'),
	(70, 1, 'Sudheer', 6, '2015-01-07', '2015-01-07 13:31:28'),
	(71, 1, 'Sangeetha Kanajaar', 2, '2015-01-05', '2015-01-05 20:08:32'),
	(71, 1, 'ಶ್ವೇತ ಶೆಟ್ಟಿ', 4, '2015-12-25', '2015-12-25 12:33:57'),
	(71, 1, 'Prathiksha', 6, '2015-01-07', '2015-01-07 13:31:54'),
	(72, 1, 'Rohan Shetty', 2, '2015-01-05', '2015-01-05 20:24:02'),
	(72, 1, 'Anusha V Shetty', 4, '2015-12-25', '2015-12-25 12:55:32'),
	(72, 1, 'Prathiksha', 6, '2015-01-07', '2015-01-07 13:32:13'),
	(73, 1, 'Saroja Ashok bhandaary', 2, '2015-01-05', '2015-01-05 20:29:16'),
	(73, 1, 'ಶಿವನಾಂದ', 4, '2015-12-25', '2015-12-25 12:58:32'),
	(73, 1, 'Kishor', 6, '2015-01-07', '2015-01-07 13:32:39'),
	(74, 1, 'Sudhir Shetty', 2, '2015-01-05', '2015-01-05 20:31:37'),
	(74, 1, 'ರಮೇಶ್ ಶೆಟ್ಟಿ', 4, '2015-12-25', '2015-12-25 13:01:05'),
	(74, 1, 'Rajani', 6, '2015-01-07', '2015-01-07 13:33:05'),
	(75, 1, 'Shriya Shetty', 2, '2015-01-05', '2015-01-05 20:38:01'),
	(75, 1, 'Namrutha', 4, '2015-12-25', '2015-12-25 13:01:43'),
	(75, 1, 'Santhosh', 6, '2015-01-07', '2015-01-07 13:33:31'),
	(76, 1, 'Adhitya Shetty Kolkebail', 2, '2015-01-05', '2015-01-05 20:41:51'),
	(76, 1, 'ನಿರಾಜ್', 4, '2015-12-25', '2015-12-25 13:02:24'),
	(76, 1, 'Thrusha', 6, '2015-01-07', '2015-01-07 13:34:03'),
	(77, 1, 'Viraj Hegde Kalkaar', 2, '2015-01-05', '2015-01-05 21:00:12'),
	(77, 1, 'ವಿಜಯ', 4, '2015-12-25', '2015-12-25 13:03:34'),
	(77, 1, 'Chandayya Poojary Kukkunduru', 6, '2015-01-08', '2015-01-08 12:41:27'),
	(78, 1, 'Yash', 2, '2015-01-05', '2015-01-05 21:51:26'),
	(78, 1, 'ಗೀತ', 4, '2015-12-25', '2015-12-25 13:04:05'),
	(78, 1, 'Jayalakshmi', 6, '2015-01-08', '2015-01-08 14:13:21'),
	(79, 1, 'Yashoda Devashya', 2, '2015-01-05', '2015-01-05 22:10:03'),
	(79, 1, 'ಸುಜೀರ್ ಕುಲಾಲ್', 4, '2015-12-25', '2015-12-25 13:09:28'),
	(79, 1, 'Padmavathi', 6, '2015-01-08', '2015-01-08 14:14:47'),
	(80, 1, 'Anusuya Devashya', 2, '2015-01-05', '2015-01-05 22:10:36'),
	(80, 1, 'ಸುಜಾತಾ ಕುಲಾಲ್', 4, '2015-12-25', '2015-12-25 13:10:00'),
	(80, 1, 'Jayashree', 6, '2015-01-08', '2015-01-08 14:15:07'),
	(81, 1, 'Prakash Hegde', 2, '2015-01-05', '2015-01-05 22:21:51'),
	(81, 1, 'Vidhya Shetty', 4, '2015-12-25', '2015-12-25 13:34:11'),
	(81, 1, 'Champavathi', 6, '2015-01-08', '2015-01-08 14:15:33'),
	(82, 1, 'Vinoda Shetty Devashya', 2, '2015-01-06', '2015-01-06 10:21:40'),
	(82, 1, 'ಪೂಜಾ ಹೆಗ್ಡೆ', 4, '2015-12-25', '2015-12-25 13:35:06'),
	(82, 1, 'Divakar Shetty badlapur', 6, '2015-01-08', '2015-01-08 14:15:56'),
	(83, 1, 'Prabhakar Shetty Devashya', 2, '2015-01-06', '2015-01-06 10:22:00'),
	(83, 1, 'Sharmila', 4, '2015-12-25', '2015-12-25 13:36:27'),
	(83, 1, 'Eknath Shetty badlapur', 6, '2015-01-08', '2015-01-08 14:16:22'),
	(84, 1, 'Deepa Shetty Devashya', 2, '2015-01-06', '2015-01-06 10:22:21'),
	(84, 1, 'ಸಂತೋಶ', 4, '2015-12-25', '2015-12-25 14:04:22'),
	(84, 1, 'Babu', 6, '2015-01-09', '2015-01-09 12:25:15'),
	(85, 1, 'Rohith Shetty Devashya', 2, '2015-01-06', '2015-01-06 10:22:38'),
	(85, 1, 'ಇಂದಿರಾ', 4, '2015-12-25', '2015-12-25 14:04:57'),
	(85, 1, 'Baby', 6, '2015-01-09', '2015-01-09 12:25:54'),
	(86, 1, 'Dayananda Shetty', 2, '2015-01-06', '2015-01-06 10:22:58'),
	(86, 1, 'ಪೂರ್ಣಿಮಾ', 4, '2015-12-25', '2015-12-25 14:05:30'),
	(86, 1, 'Sumalatha', 6, '2015-01-09', '2015-01-09 13:08:01'),
	(87, 1, 'Shivaaji Shetty', 2, '2015-01-06', '2015-01-06 10:23:20'),
	(87, 1, 'ನಿಖಿಲ್', 4, '2015-12-25', '2015-12-25 14:22:13'),
	(87, 1, 'ಅಂಕಿತ', 6, '2015-12-25', '2015-12-25 12:07:14'),
	(88, 1, 'Praveen Devadiga ', 2, '2015-01-06', '2015-01-06 11:01:24'),
	(88, 1, 'ನಿಖೇಶ್', 4, '2015-12-25', '2015-12-25 14:22:38'),
	(88, 1, 'Diksha, Dishanya', 6, '2015-12-25', '2015-12-25 13:07:46'),
	(89, 1, 'Naveenchandra Hegde Patelara Mane', 2, '2015-01-06', '2015-01-06 11:03:59'),
	(89, 1, 'ಮಹಾಬಲ ಪೂಜರಿ', 4, '2015-12-25', '2015-12-25 14:23:45'),
	(89, 1, 'ಅಶೋಕ್ ಸಂಜೀವ ಹೆಗ್ದೆ', 6, '2015-12-25', '2015-12-25 18:48:07'),
	(90, 1, 'Ninaad Hegde Patelara Mane', 2, '2015-01-06', '2015-01-06 11:04:33'),
	(90, 1, 'ಅಕ್ಷಯ ಪುಜಾರಿ', 4, '2015-12-25', '2015-12-25 18:21:38'),
	(90, 1, 'ಆಕಾಶ್ ಹೆಗ್ಡೆ', 6, '2015-12-25', '2015-12-25 18:50:16'),
	(91, 1, 'Ananthpadmanabha Achar Pelattur', 2, '2015-01-06', '2015-01-06 11:05:43'),
	(91, 1, 'ಪ್ರಮಿಳಾ, ಗುರುಕೃಪಾ', 4, '2015-12-25', '2015-12-25 18:29:03'),
	(91, 6, 'ರಶೀದಿ ಸಂಖ್ಯೆ 370 ರಿಂದ 375', 6, '2015-12-23', '2015-12-26 01:25:04'),
	(92, 1, 'Sadananda Poojary Gurimajal ', 2, '2015-01-06', '2015-01-06 11:06:43'),
	(92, 1, 'ಸುಮನಾ, ಗುರುಕೃಪಾ', 4, '2015-12-25', '2015-12-25 18:29:30'),
	(92, 1, 'ಡಾ.ಪಿ ಎ ಆಚಾರ್ಯ', 6, '2015-12-26', '2015-12-26 11:54:08'),
	(93, 1, 'Sulochana Poojary Gurimjal ', 2, '2015-01-06', '2015-01-06 11:07:21'),
	(93, 1, 'ಆದಿತ್ಯ', 4, '2015-12-25', '2015-12-25 18:32:46'),
	(93, 2, 'ಸುಧೀರ್ ಸಂಜಯ್', 6, '2015-12-26', '2015-12-26 12:29:32'),
	(94, 1, 'Harish Poojary Gurimajal', 2, '2015-01-06', '2015-01-06 11:08:09'),
	(94, 1, 'ನೀತಾ ಪಿ ಶೆಟ್ಟಿ, ಕೌಡೂರು', 4, '2015-12-25', '2015-12-25 18:35:54'),
	(94, 2, 'ಸಂತೋಶ್ ರೈ', 6, '2015-12-26', '2015-12-26 12:33:32'),
	(95, 1, 'Shekar Shetty Doddamane', 2, '2015-01-06', '2015-01-06 11:09:10'),
	(95, 1, 'ಶೋಬಾ ಶೆಟ್ಟಿ', 4, '2015-12-25', '2015-12-25 18:36:59'),
	(95, 1, 'ಸಾಕ್ಷಿ', 6, '2015-12-26', '2015-12-26 18:07:22'),
	(96, 1, 'Shekar Madaga', 2, '2015-01-06', '2015-01-06 11:12:00'),
	(96, 1, 'ಶಾಂತ ಪೂಜಾರಿ', 4, '2015-12-25', '2015-12-25 18:43:11'),
	(96, 1, 'ಅಕ್ಷರ', 6, '2015-12-26', '2015-12-26 18:22:52'),
	(97, 1, 'Raghava Bhandary Madibettu', 2, '2015-01-06', '2015-01-06 11:26:19'),
	(97, 1, 'ಪೂರ್ಣಿಮಾ', 4, '2015-12-25', '2015-12-25 18:44:37'),
	(97, 1, 'ಸೃಜನ್', 6, '2015-12-26', '2015-12-26 18:23:21'),
	(98, 1, 'Pruthvi Subhas', 2, '2015-01-06', '2015-01-06 11:33:59'),
	(98, 1, 'ಹರ್ಷಿತಾ', 4, '2015-12-25', '2015-12-25 18:51:25'),
	(98, 1, 'ಸಚ್ಚಿದಾನಂದ', 6, '2015-12-26', '2015-12-26 18:25:58'),
	(99, 1, 'Raajeevi Prasanna', 2, '2015-01-06', '2015-01-06 11:34:22'),
	(99, 1, 'ಕಾವ್ಯಾ', 4, '2015-12-25', '2015-12-25 19:04:01'),
	(99, 1, 'ಪ್ರಕಾಶ್ ಸುಪ್ರಿಯ', 6, '2015-12-26', '2015-12-26 18:26:51'),
	(100, 1, 'Charan ', 2, '2015-01-06', '2015-01-06 11:35:23'),
	(100, 1, 'ಅವಿನಾಶ್', 4, '2015-12-25', '2015-12-25 19:07:10'),
	(100, 1, 'ಲೀಲಾ ಶೆಟ್ಟಿ', 6, '2015-12-26', '2015-12-26 18:27:26'),
	(101, 1, 'Charith', 2, '2015-01-06', '2015-01-06 11:35:42'),
	(101, 1, 'ವಿರೇಂದ್ರ', 4, '2015-12-25', '2015-12-25 19:08:23'),
	(101, 1, 'ಪ್ರಕಾಶ್ ಸುಪ್ರಿಯ', 6, '2015-12-26', '2015-12-26 18:28:19'),
	(102, 1, 'Lohitha', 2, '2015-01-06', '2015-01-06 11:36:03'),
	(102, 1, 'ವಿಜಯ ವಿಕ್ಶ', 4, '2015-12-25', '2015-12-25 19:13:28'),
	(102, 1, 'ಶಕುಂತಲಾ ಸುಲೋಚನಾ', 6, '2015-12-26', '2015-12-26 18:29:05'),
	(103, 1, 'Rupesh ', 2, '2015-01-06', '2015-01-06 11:36:24'),
	(103, 1, 'ಅಮಿತಾ', 4, '2015-12-25', '2015-12-25 19:18:20'),
	(103, 1, 'ಶಕುಂತಲಾ ಸುಲೋಚನಾ', 6, '2015-12-26', '2015-12-26 18:29:11'),
	(104, 1, 'Dhwithi', 2, '2015-01-06', '2015-01-06 11:36:38'),
	(104, 1, 'ಸುಜಾತಾ ಶಿರ್ವ', 4, '2015-12-25', '2015-12-25 19:25:56'),
	(104, 2, 'ವೀರೇಂದ್ರ , ರಂಜನ್', 6, '2015-12-26', '2015-12-26 18:55:35'),
	(105, 1, 'Sri Laxmi Santhosh Hegde', 2, '2015-01-06', '2015-01-06 11:52:42'),
	(105, 1, 'ನಾಗ ಶ್ರೀ', 4, '2015-12-25', '2015-12-25 19:29:19'),
	(105, 2, 'ಇಂಚರ ಶಶಾಂಕ್', 6, '2015-12-26', '2015-12-26 19:00:57'),
	(106, 1, 'Prema Achaarthi ', 2, '2015-01-06', '2015-01-06 11:55:29'),
	(106, 1, 'ಸುಲೋಚನಾ', 4, '2015-12-25', '2015-12-25 19:39:05'),
	(106, 2, 'ಪದ್ಮಿನಿ ಲಕ್ಶ್ಮಿ', 6, '2015-12-26', '2015-12-26 19:01:57'),
	(107, 1, 'Sathish Hegde Chetana Sadana', 2, '2015-01-06', '2015-01-06 11:56:43'),
	(107, 1, 'ಗೀತಾ ಹರೀಶ್ ಶೆಟ್ಟಿ', 4, '2015-12-25', '2015-12-25 19:46:34'),
	(107, 1, 'ಸಂತ್ರುಪ್ತಿ ಎಸ್ ಶೆಟ್ಟಿ', 6, '2015-12-26', '2015-12-26 19:08:47'),
	(108, 1, 'Ramesh Poojary Dharkasu', 2, '2015-01-06', '2015-01-06 11:58:46'),
	(108, 1, 'ರಂಜಿತ್', 4, '2015-12-25', '2015-12-25 19:48:46'),
	(108, 4, 'ಗಣಪತಿ ಭಟ್ ಗೌರಮ್ಮ ದರ್ಶನ ಪ್ರಸಾದ್', 6, '2015-12-26', '2015-12-26 19:14:24'),
	(109, 1, 'Shankar Shetty Guddeyangadi', 2, '2015-01-06', '2015-01-06 12:03:10'),
	(109, 1, 'ಜಯಮಂಗಳ', 4, '2015-12-25', '2015-12-25 19:49:11'),
	(109, 3, 'ರಾಜೇಶ್ವರಿ ಮಾಲ ರಾಘವೇಂದ್ರ', 6, '2015-12-26', '2015-12-26 19:15:25'),
	(110, 1, 'Amani Sanjeeva shetty', 2, '2015-01-06', '2015-01-06 12:24:04'),
	(110, 1, 'ನಳಿನ ಪೆರ್ಡೂರು', 4, '2015-12-25', '2015-12-25 19:50:08'),
	(110, 2, 'ತುಳಸಿ ,ರಾಹುಲ್, ಅಮ್ರತ', 6, '2015-12-26', '2015-12-26 19:17:12'),
	(111, 1, 'B B Hegde Nadai', 2, '2015-01-06', '2015-01-06 12:40:32'),
	(111, 1, 'ನಾಗರತ್ನ', 4, '2015-12-25', '2015-12-25 20:02:27'),
	(111, 1, 'ಅಮ್ರತ', 6, '2015-12-26', '2015-12-26 19:19:43'),
	(112, 1, 'Shashi kumari Nadai', 2, '2015-01-06', '2015-01-06 12:41:06'),
	(112, 1, 'ಸನ್ನಿಧಿ', 4, '2015-12-25', '2015-12-25 20:08:12'),
	(112, 2, 'ಸುಚಿತ ಸಂಚಿತ', 6, '2015-12-26', '2015-12-26 19:19:59'),
	(113, 1, 'Shubha Hegde Nadai', 2, '2015-01-06', '2015-01-06 12:41:36'),
	(113, 1, 'ನಯನಾ ನವೀನ್ ಶೆಟ್ಟಿ', 4, '2015-12-25', '2015-12-25 20:29:41'),
	(113, 2, 'ಸುಜಾತ ನಾರಯನ್, ಇಂಧುಶ್ರೀ ಸ್ರುಜನ್ ವಿಜಯ ಕುಮಾರ್', 6, '2015-12-26', '2015-12-26 19:23:19'),
	(114, 1, 'Sunitha Hegde Nadai', 2, '2015-01-06', '2015-01-06 12:41:55'),
	(114, 1, 'ವೇದಾವತಿ ಅಮಿತ್ ಹೆಗ್ಡೆ', 4, '2015-12-25', '2015-12-25 20:39:34'),
	(114, 2, 'ಇಂದುಶ್ರೀ ಇಶಾನ್', 6, '2015-12-26', '2015-12-26 19:24:54'),
	(115, 1, 'Santhosh Kadaberke', 2, '2015-01-06', '2015-01-06 12:43:22'),
	(115, 1, 'ಶಾಮಿತಾ', 4, '2015-12-25', '2015-12-25 20:52:33'),
	(115, 1, 'ಸೌಜನ್ಯ', 6, '2015-12-27', '2015-12-27 09:38:09'),
	(116, 1, 'Ranjith Kolkebail', 2, '2015-01-06', '2015-01-06 12:44:00'),
	(116, 1, 'ಸುನಿಲ್', 6, '2015-12-27', '2015-12-27 09:38:39'),
	(117, 1, 'Santhosh Hegde', 2, '2015-01-06', '2015-01-06 12:45:58'),
	(117, 1, 'ಇನಿಕಾ, ಈಕ್ಷ', 6, '2015-12-27', '2015-12-27 09:42:10'),
	(118, 1, 'Leelavathi Heggadthi and Fly', 2, '2015-01-06', '2015-01-06 12:48:58'),
	(118, 1, 'ಹಿಮಾನಿ', 6, '2015-12-27', '2015-12-27 09:42:26'),
	(119, 1, 'Subhodh Shetty  And Family', 2, '2015-01-06', '2015-01-06 12:49:25'),
	(119, 3, 'Dayanand, Dinesh, Dipesh', 6, '2015-12-27', '2015-12-27 11:57:49'),
	(120, 1, 'Rekha Shetty and family', 2, '2015-01-06', '2015-01-06 12:49:43'),
	(120, 1, 'Srinivasa Shetty', 6, '2015-12-27', '2015-12-27 12:01:28'),
	(121, 1, 'Usha Kiran Shetty And Fly', 2, '2015-01-06', '2015-01-06 12:49:59'),
	(121, 3, 'Srinivasa Shetty', 6, '2015-12-27', '2015-12-27 12:01:40'),
	(122, 1, 'Sathish Rama Adithya Athma', 2, '2015-01-06', '2015-01-06 12:50:23'),
	(122, 1, 'Ashok V Shetty', 6, '2015-12-27', '2015-12-27 12:04:25'),
	(123, 1, 'Ganesh Vindhya', 2, '2015-01-06', '2015-01-06 12:57:02'),
	(123, 1, 'Rachana Shetty', 6, '2015-12-27', '2015-12-27 12:05:00'),
	(124, 1, 'Amith Savitha', 2, '2015-01-06', '2015-01-06 12:57:24'),
	(124, 2, 'Nisha Nidhi', 6, '2015-12-27', '2015-12-27 12:06:20'),
	(125, 1, 'Avinaash Maapunja', 2, '2015-01-06', '2015-01-06 13:06:54'),
	(125, 1, 'ದಿನೇಶ್', 6, '2015-12-27', '2015-12-27 12:14:27'),
	(126, 1, 'Ashwini Maapunja', 2, '2015-01-06', '2015-01-06 13:07:12'),
	(126, 1, 'ಪ್ರಿಯ', 6, '2015-12-27', '2015-12-27 12:15:33'),
	(127, 1, 'Sanjeeva Shetty moodubettu', 2, '2015-01-06', '2015-01-06 13:38:13'),
	(127, 1, 'ಸುಮತಿ ಶೆಟ್ಟಿ', 6, '2015-12-27', '2015-12-27 12:17:16'),
	(128, 1, 'Spoorthi Shetty Moodubettu', 2, '2015-01-06', '2015-01-06 13:38:46'),
	(128, 1, 'ಅರುಣಾ ಶೆಟ್ಟಿ', 6, '2015-12-27', '2015-12-27 12:17:40'),
	(129, 1, 'Reema Hegde Keladevashya', 2, '2015-01-06', '2015-01-06 14:25:56'),
	(129, 2, 'ವಿಶಾಲ್, ಪ್ರತಾಪ್', 6, '2015-12-27', '2015-12-27 12:18:42'),
	(130, 1, 'Bharath Shetty  Shaanthibettu', 2, '2015-01-06', '2015-01-06 14:31:31'),
	(130, 3, 'ದೀಪಕ್ ದಿವ್ಯ ಭವ್ಯ', 6, '2015-12-27', '2015-12-27 12:19:43'),
	(131, 1, 'Jayaram Shetty Shaanthibettu', 2, '2015-01-06', '2015-01-06 14:32:02'),
	(131, 1, 'Sumathi Shetty', 6, '2015-12-27', '2015-12-27 12:32:28'),
	(132, 1, 'Shivaprasada ShettyDevashyaMane', 2, '2015-01-06', '2015-01-06 14:34:48'),
	(132, 3, 'Shankar Girish Vignesh', 6, '2015-12-27', '2015-12-27 12:41:00'),
	(133, 1, 'Vasanthi Shetty DevashyaMane', 2, '2015-01-06', '2015-01-06 14:35:03'),
	(133, 2, 'Pranamya Latha', 6, '2015-12-27', '2015-12-27 12:45:47'),
	(134, 1, 'Nithyananda Hegde DevashyaMane', 2, '2015-01-06', '2015-01-06 14:35:23'),
	(134, 3, 'Vijaya Shetty Sneha Shetty Shreya Shetty', 6, '2015-12-27', '2015-12-27 13:30:16'),
	(135, 1, 'Prasanna Shetty DevashyaMane', 2, '2015-01-06', '2015-01-06 14:35:49'),
	(135, 1, 'Theertha Shetty', 6, '2015-12-27', '2015-12-27 13:30:35'),
	(136, 1, 'Supriya Shetty DevashyaMane', 2, '2015-01-06', '2015-01-06 14:36:06'),
	(136, 1, 'Vinayak Shetty Devashya', 6, '2015-12-27', '2015-12-27 13:34:14'),
	(137, 1, 'Sumathi Shetty DevashyaMane', 2, '2015-01-06', '2015-01-06 14:36:21'),
	(137, 1, 'Chitra Pavitra', 6, '2015-12-27', '2015-12-27 14:25:24'),
	(138, 1, 'Sachin Shetty DevashyaMane', 2, '2015-01-06', '2015-01-06 14:36:35'),
	(138, 1, 'Other book', 6, '2015-12-28', '2015-12-28 11:02:05'),
	(139, 1, 'Sahana Shetty DevashyaMane', 2, '2015-01-06', '2015-01-06 14:36:50'),
	(140, 1, 'Devadas Hegde DevashyaMane', 2, '2015-01-06', '2015-01-06 14:37:09'),
	(141, 1, 'Daksh DevashyaMane', 2, '2015-01-06', '2015-01-06 14:37:57'),
	(142, 1, 'Rekha Shetty DevashyaMane', 2, '2015-01-06', '2015-01-06 14:38:21'),
	(143, 1, 'Rishitha Shetty DevashyaMane', 2, '2015-01-06', '2015-01-06 14:38:45'),
	(144, 1, 'Suguna Sooda DevashyaMane', 2, '2015-01-06', '2015-01-06 14:39:13'),
	(145, 1, 'Sheela Shetty DevashyaMane', 2, '2015-01-06', '2015-01-06 14:39:32'),
	(146, 1, 'Veena Hegde DevashyaMane', 2, '2015-01-06', '2015-01-06 14:40:01'),
	(147, 1, 'Sandeep Nayak Melsagu', 2, '2015-01-07', '2015-01-06 16:33:29'),
	(148, 1, 'Sushmitha Sudheer Hegde', 2, '2015-01-06', '2015-01-06 17:55:46'),
	(149, 1, 'Shreyas Sudheer Hegde', 2, '2015-01-06', '2015-01-06 17:56:50'),
	(150, 1, 'Ravindra S Hegde', 2, '2015-01-06', '2015-01-06 18:39:26'),
	(151, 1, 'Anitha Dineshchandra Hegde', 2, '2015-01-06', '2015-01-06 18:40:25'),
	(152, 1, 'Ashwin D Hegde', 2, '2015-01-06', '2015-01-06 18:41:03'),
	(153, 1, 'Suma Nagaraaj Shetty', 2, '2015-01-06', '2015-01-06 18:42:47'),
	(154, 1, 'Jalaja Shetty Edur', 2, '2015-01-06', '2015-01-06 18:43:06'),
	(155, 1, 'Veerendra Shetty Bangalore', 2, '2015-01-06', '2015-01-06 18:43:38'),
	(156, 1, 'Gabapathi Vitoba Naik', 2, '2015-01-06', '2015-01-06 18:46:39'),
	(157, 1, 'Manjula Poornesh', 2, '2015-01-06', '2015-01-06 18:48:01'),
	(158, 1, 'Sujatha Nayak Bangalore', 2, '2015-01-06', '2015-01-06 18:49:36'),
	(159, 1, 'Susheela Bangalore', 2, '2015-01-06', '2015-01-06 18:50:04'),
	(160, 1, 'Himaani Suma Nagaraaju', 2, '2015-01-06', '2015-01-06 18:51:11'),
	(161, 1, 'Rashmi Harish Blore', 2, '2015-01-06', '2015-01-06 18:52:06'),
	(162, 1, 'Akshara Ramesh Mamatha', 2, '2015-01-06', '2015-01-06 18:52:49'),
	(163, 1, 'Suchetha Leelavathi Theerthahalli', 2, '2015-01-06', '2015-01-06 18:53:29'),
	(164, 1, 'Shilpa Raajeshwari', 2, '2015-01-06', '2015-01-06 18:53:51'),
	(165, 1, 'Sinchana Meghana Theerthahalli', 2, '2015-01-06', '2015-01-06 18:54:23'),
	(166, 1, 'Prema Shekar Theerthahalli', 2, '2015-01-06', '2015-01-06 18:54:57'),
	(167, 1, 'Raghavendra Manjula Theerthahalli', 2, '2015-01-06', '2015-01-06 18:55:34'),
	(168, 1, 'Sumithra Neelamma Blore', 2, '2015-01-06', '2015-01-06 18:58:49'),
	(169, 1, 'Dinesh Hegde ', 2, '2015-01-06', '2015-01-06 19:07:37'),
	(170, 1, 'Babi Sapalthi', 2, '2015-01-06', '2015-01-06 19:30:56'),
	(171, 1, 'Jithendra Shetty', 2, '2015-01-06', '2015-01-06 19:49:00'),
	(172, 1, 'Akhil ', 2, '2015-01-06', '2015-01-06 19:49:24'),
	(173, 1, 'Anshul', 2, '2015-01-06', '2015-01-06 19:49:32'),
	(174, 1, 'Amol', 2, '2015-01-06', '2015-01-06 19:49:46'),
	(175, 1, 'Ravi A Shetty', 2, '2015-01-06', '2015-01-06 19:53:45'),
	(176, 1, 'Geetha Shetty', 2, '2015-01-06', '2015-01-06 19:54:20'),
	(177, 1, 'Nathasaha Shetty', 2, '2015-01-06', '2015-01-06 19:54:39'),
	(178, 1, 'Esha Shetty ', 2, '2015-01-06', '2015-01-06 19:55:16'),
	(179, 1, 'Shubhananda Shetty And family', 2, '2015-01-06', '2015-01-06 19:59:18'),
	(180, 1, 'HemanthSooryakaanthShetty And Family', 2, '2015-01-06', '2015-01-06 19:59:56'),
	(181, 1, 'Sudhakar Shetty Kadeberke', 2, '2015-01-06', '2015-01-06 20:01:55'),
	(182, 1, 'Veeresh Hegde Kadeberke', 2, '2015-01-06', '2015-01-06 20:02:16'),
	(183, 1, 'Sudhkar ', 2, '2015-01-06', '2015-01-06 21:02:30'),
	(184, 1, 'Sumangala Devadas', 2, '2015-01-06', '2015-01-06 21:03:34'),
	(185, 1, 'Vaarija Shetty Kadeberke', 2, '2015-01-06', '2015-01-06 21:09:33'),
	(186, 1, 'Poornima Jayaraam Shetty', 2, '2015-01-06', '2015-01-06 21:09:56'),
	(187, 1, 'Usha Mohan Shetty Devashya', 2, '2015-01-06', '2015-01-06 21:10:13'),
	(188, 1, 'Vinutha Jyothi Prabha', 2, '2015-01-06', '2015-01-06 21:10:37'),
	(189, 1, 'Praveen hegde Jyothi Prabha', 2, '2015-01-06', '2015-01-06 21:11:03'),
	(190, 1, 'Suresh Shetty', 2, '2015-01-06', '2015-01-06 21:11:23'),
	(191, 1, 'Kamalaakshi Kanajar', 2, '2015-01-06', '2015-01-06 21:12:02'),
	(192, 1, 'Sampa Divakar Shetty Doddamane', 2, '2015-01-06', '2015-01-06 21:12:42'),
	(193, 1, 'Divakar Shetty badlapur', 2, '2015-01-06', '2015-01-06 21:12:56'),
	(194, 1, 'Prema Shetty Berke', 2, '2015-01-06', '2015-01-06 21:13:10'),
	(195, 1, 'Usha Jaya Shetty Berke', 2, '2015-01-06', '2015-01-06 21:13:23'),
	(196, 1, 'Kushala Shetty Berke', 2, '2015-01-06', '2015-01-06 21:13:33'),
	(197, 1, 'Shashi Shetty Berke', 2, '2015-01-06', '2015-01-06 21:13:42'),
	(198, 1, 'Anasuya Shetty Berke', 2, '2015-01-06', '2015-01-06 21:13:59'),
	(199, 1, 'Shankar  Sri Devi Electrcal', 2, '2015-01-06', '2015-01-06 21:25:45'),
	(200, 1, 'Naveena  Sri Devi Electrcal', 2, '2015-01-06', '2015-01-06 21:26:13'),
	(201, 1, 'Ajinkya Prasad Shetty Mumbai', 2, '2015-01-06', '2015-01-06 21:38:10'),
	(202, 1, 'Akshay', 2, '2015-01-06', '2015-01-06 21:40:19'),
	(203, 1, 'Shashidhar Shetty Devashya Mane', 2, '2015-01-06', '2015-01-06 21:54:30'),
	(204, 1, 'Subhas Shetty', 2, '2015-01-07', '2015-01-07 10:37:45'),
	(205, 1, 'Sathish Chandra Hegde', 2, '2015-01-07', '2015-01-07 12:03:29'),
	(206, 1, 'Pradeep Shetty And Family', 2, '2015-01-07', '2015-01-07 12:19:50'),
	(207, 1, 'Pradeep Shetty And Family', 2, '2015-01-07', '2015-01-07 12:20:34'),
	(208, 1, 'Girija Poojarthi Palli', 2, '2015-01-07', '2015-01-07 13:29:58'),
	(209, 1, 'Saroojini Poojarthi', 2, '2015-01-07', '2015-01-07 13:48:11'),
	(210, 1, 'Shekar Poojary Oniyal', 2, '2015-01-07', '2015-01-07 13:55:52'),
	(211, 1, 'Shantharama Hegde', 2, '2015-01-08', '2015-01-08 10:32:15'),
	(212, 1, 'Eknath Shetty badlapur', 2, '2015-01-08', '2015-01-08 14:17:22'),
	(213, 1, 'ಗಣೇಶ', 2, '2015-12-25', '2015-12-24 11:13:15'),
	(214, 1, 'ಶಶಿ ಚೇತನ', 2, '2015-12-25', '2015-12-24 11:15:19'),
	(215, 1, 'ಜಯ ಗುಲಾಬಿ', 2, '2015-12-25', '2015-12-24 11:18:08'),
	(216, 1, 'ಮೋಹನ್ ಶೆಟ್ಟಿ', 2, '2015-12-25', '2015-12-24 11:26:44'),
	(217, 1, 'ಅನಿಲ್ ಪೂಜಾರಿ', 2, '2015-12-26', '2015-12-24 13:12:35'),
	(218, 1, 'Prasad Kumar', 2, '2015-12-25', '2015-12-24 13:35:35'),
	(219, 1, 'Suresh Sapaliga', 2, '2015-12-25', '2015-12-24 13:35:54'),
	(220, 1, 'Vasanthi Ashirvadh', 2, '2015-12-25', '2015-12-24 13:37:27'),
	(221, 1, 'Pramila Karkera', 2, '2015-12-25', '2015-12-24 13:41:15'),
	(222, 1, 'Praveen Karkera', 2, '2015-12-25', '2015-12-24 13:41:37'),
	(223, 1, 'Susheela Karkera', 2, '2015-12-25', '2015-12-24 13:42:00'),
	(224, 1, 'Rohan Pujari', 2, '2015-12-25', '2015-12-24 14:15:04'),
	(225, 1, 'ಜಗದೀಶ ಸಾಲಿಯಾನ್', 2, '2015-12-25', '2015-12-24 14:21:07'),
	(226, 1, 'Ramesh', 2, '2015-12-25', '2015-12-24 14:22:33'),
	(227, 1, 'ಅರ್ಪಿತಾ ಹೆಗ್ಡೆ', 2, '2015-12-25', '2015-12-24 15:52:08'),
	(228, 1, 'ಸ್ಮಿತಾ ಹೆಗ್ಡೆ', 2, '2015-12-25', '2015-12-24 15:52:40'),
	(229, 1, 'ಸವೀನ್ ಹೆಗ್ಡೆ', 2, '2015-12-25', '2015-12-24 15:53:19'),
	(230, 1, 'ವಿರಾಜ್ ಹೆಗ್ಡೆ', 2, '2015-12-25', '2015-12-24 15:53:44'),
	(231, 1, 'ರಾಹುಲ್ ಸುವರ್ಣ', 2, '2015-12-25', '2015-12-24 19:57:57'),
	(232, 1, 'ಅಣ್ಣು ಶೆಟ್ಟಿ, ಮೂಡಬಿದಿರೆ', 2, '2015-12-25', '2015-12-25 09:10:40'),
	(233, 1, 'ಸುರೇಶ್ ಶೆಟ್ಟಿ', 2, '2015-12-25', '2015-12-25 09:12:40'),
	(234, 1, 'ರೇಖಾ ಶೆಟ್ಟಿ, ಕಣಜಾರು', 2, '2015-12-25', '2015-12-25 09:19:22'),
	(235, 1, 'ವನಜ', 2, '2015-12-25', '2015-12-25 11:13:30'),
	(236, 1, 'ಅಜಯ್ ಕುಮಾರ್', 2, '2015-12-25', '2015-12-25 11:14:41'),
	(237, 1, 'ರಾಮ', 2, '2015-12-25', '2015-12-25 11:31:17'),
	(238, 1, 'ದಿನಕರ್ ಶೆಟ್ಟಿ', 2, '2015-12-25', '2015-12-25 11:38:39'),
	(239, 1, 'ವನಿತ', 2, '2015-12-25', '2015-12-25 12:10:26'),
	(240, 1, 'ತನಿಯರು', 2, '2015-12-25', '2015-12-25 12:37:13'),
	(241, 1, 'ಸಂಜೀವ ಶೆಟ್ಟಿ', 2, '2015-12-25', '2015-12-25 12:39:45'),
	(242, 1, 'Spurthi Shetty', 2, '2015-12-25', '2015-12-25 12:40:45'),
	(243, 1, 'ರವಿ', 2, '2015-12-25', '2015-12-25 12:47:42'),
	(244, 1, 'ಉದಯ ಪೂಜರಿ', 2, '2015-12-25', '2015-12-25 12:59:24'),
	(245, 1, 'ಶಿವನಾಂದ', 2, '2015-12-25', '2015-12-25 13:00:03'),
	(246, 1, 'ಮಂಜುನಂದ', 2, '2015-12-25', '2015-12-25 13:24:30'),
	(247, 1, 'ಜಯನಂದ', 2, '2015-12-25', '2015-12-25 13:24:56'),
	(248, 1, 'Vathsalya', 2, '2015-12-25', '2015-12-25 13:25:26'),
	(249, 1, 'ರಿಮಾ ಶೆಟ್ಟಿ', 2, '2015-12-25', '2015-12-25 13:29:57'),
	(250, 1, 'Dileepraj Shetty', 2, '2015-12-25', '2015-12-25 13:30:38'),
	(251, 1, 'ಅಮಣಿ ಶೆಟ್ಟಿ', 2, '2015-12-25', '2015-12-25 13:31:12'),
	(252, 1, 'ಉದಯ ಶೆಟ್ಟಿ', 2, '2015-12-25', '2015-12-25 13:31:34'),
	(253, 1, 'Vidhya Shetty', 2, '2015-12-25', '2015-12-25 13:32:33'),
	(254, 1, 'ಅಮಿತ್ ಸವಿತಾ ಶೆಟ್ಟಿ', 2, '2015-12-25', '2015-12-25 13:43:24'),
	(255, 1, 'ಗಣೇಶ್ ವಿಂಧ್ಯಾ ಶೆಟ್ಟಿ', 2, '2015-12-25', '2015-12-25 13:44:48'),
	(256, 1, 'ಸವಿತ', 2, '2015-12-26', '2015-12-25 13:47:50'),
	(257, 1, 'ವಸಂತ ಶೆಟ್ಟಿ, ಕೊಳಕೆಬೈಲು', 2, '2015-12-25', '2015-12-25 18:54:52'),
	(258, 1, 'ಸುಪ್ರೀತ', 2, '2015-12-25', '2015-12-25 19:11:31'),
	(259, 1, 'ಸುಶ್ಮಿತ', 2, '2015-12-25', '2015-12-25 19:12:24'),
	(260, 1, 'ದಿನೇಶ್ ಹೆಗ್ಡೆ ದೊಡ್ದಮನೆ', 2, '2015-12-25', '2015-12-25 19:41:11'),
	(261, 1, 'ಉದಯ ಸುಲಕ್ಷನಾ', 2, '2015-12-25', '2015-12-25 20:04:44'),
	(262, 1, 'ವಿದ್ಯಾ', 2, '2015-12-25', '2015-12-25 20:05:27'),
	(263, 1, 'ಪ್ರಮಿಳ', 2, '2015-12-25', '2015-12-25 20:07:24'),
	(264, 1, 'ಹೆಮಾಲತಾ ಶೆಟ್ಟಿ', 2, '2015-12-25', '2015-12-25 20:09:03'),
	(265, 1, 'ವೇಣುಗೋಪಲ್ ಶೆಟ್ಟಿ', 2, '2015-12-25', '2015-12-25 20:10:55'),
	(266, 1, 'ನವೀನ್ ನಾರಾಯಣ ಶೆಟ್ಟಿ', 2, '2015-12-25', '2015-12-25 20:12:21'),
	(267, 1, 'ನಿಶಾ ಸುಜಿತ್ ಶೆಟ್ಟಿ', 2, '2015-12-25', '2015-12-25 20:12:56'),
	(268, 1, 'ಸ್ವಪ್ನ ಮನೋಹರ್ ಶೆಟ್ಟಿ', 2, '2015-12-25', '2015-12-25 20:14:13'),
	(269, 1, 'ಪ್ರಪ್ಥಿ ಉದಯ್ ಶೆಟ್ಟಿ', 2, '2015-12-25', '2015-12-25 20:15:16'),
	(270, 1, 'ಶಿರಿಶ್ ಉದಯ್ ಶೆಟ್ಟಿ', 2, '2015-12-25', '2015-12-25 20:16:25'),
	(271, 1, 'Prithvi Subhash', 2, '2015-12-24', '2015-12-25 20:17:55'),
	(272, 1, 'ಪ್ರೀತಿಕಾ', 2, '2015-12-25', '2015-12-25 20:18:23'),
	(273, 1, 'ನಿಸ್ಚಿತಾ ಅಸ್ವಿನ್ ಶೆಟ್ಟಿ', 2, '2015-12-25', '2015-12-25 20:26:58'),
	(274, 1, 'ವಿಶ್ವನಾಥ್ ಶೆಟ್ಟಿ', 2, '2015-12-25', '2015-12-25 20:33:45'),
	(275, 1, 'ಕೃಷ್ಣಪ್ಪ ಪೂಜಾರಿ', 2, '2015-12-26', '2015-12-25 20:55:35'),
	(276, 1, 'ಪದ್ಮವಥಿ', 2, '2015-12-25', '2015-12-25 21:58:40'),
	(277, 1, 'Shobha Shetty', 2, '2015-12-26', '2015-12-25 22:28:19'),
	(278, 1, 'Vinoda Ashok Shetty', 2, '2015-12-26', '2015-12-26 00:16:18'),
	(279, 1, 'Surekha Shivaji Shetty', 2, '2015-12-26', '2015-12-26 00:16:47'),
	(280, 1, 'Deepa Prakash Shetty', 2, '2015-12-26', '2015-12-26 00:17:15'),
	(281, 1, 'Prabhakar H Shetty', 2, '2015-12-26', '2015-12-26 00:17:49'),
	(282, 8, 'ರಶೀದಿ ಸಂಖ್ಯೆ ೨೦೧ ರಿಂದ ೨೦೮', 2, '2015-12-23', '2015-12-26 02:19:28'),
	(283, 1, 'ಶಂಕರ್ ಶೆಟ್ಟಿ, ಗುಡ್ಡೆಯಂಗಡಿ', 2, '2015-12-26', '2015-12-26 10:14:50'),
	(284, 1, 'ಕೆ. ನವೀನಚಂದ್ರ ಹೆಗ್ಡೆ, ಪಠೇಲರ ಮನೆ', 2, '2015-12-26', '2015-12-26 10:15:10'),
	(285, 1, 'ಪ್ರವೀಣ್ ದೇವಾಡಿಗ', 2, '2015-12-26', '2015-12-26 10:46:44'),
	(286, 1, 'ಡಾ. ಪಿ ಏ ಆಚಾರ್ಯ', 2, '2015-12-26', '2015-12-26 11:00:06'),
	(287, 1, 'ರಾಘವ ಭಂಡಾರಿ', 2, '2015-12-26', '2015-12-26 11:18:23'),
	(288, 1, 'ವಿಜಯ ಶೆಟ್ಟಿ ದೇವಶ್ಯಮನೆ', 2, '2015-12-26', '2015-12-26 11:55:15'),
	(289, 1, 'ಬ್ರಿಜಸ್ ಮಾಪುಂಜ', 2, '2015-12-26', '2015-12-26 12:01:17'),
	(290, 1, 'ಪ್ರಸಾದ್ ಮಾಪುಂಜ', 2, '2015-12-26', '2015-12-26 12:01:51'),
	(291, 1, 'ಸುಜಾತ ಶಿರ್ವ', 2, '2015-12-26', '2015-12-26 12:02:22'),
	(292, 1, 'ನಿಶ್ನಿತ', 2, '2015-12-26', '2015-12-26 12:03:05'),
	(293, 1, 'ಶಶಿಕಲ', 2, '2015-12-26', '2015-12-26 12:05:27'),
	(294, 1, 'ಪ್ರಮೀಳ ಶೆಟ್ಟಿ', 2, '2015-12-26', '2015-12-26 12:08:02'),
	(295, 5, 'ಚರಿತ್ ಚರಣ್ ದ್ವಿತಿ ರೂಪೆಶ್ ಲೊಹಿಥ', 2, '2015-12-26', '2015-12-26 12:13:03'),
	(296, 1, 'ರಾಘು ಪೂಜಾರಿ, ಮಾಪುಂಜ', 2, '2015-12-26', '2015-12-26 13:31:21'),
	(297, 2, 'ಕಲ್ಯಾಣಿ ಶೆಟ್ಟಿ , ಮಹೇಶ್ ಹೆಗ್ದೆ ದೇವರಬೆಟ್ಟು', 2, '2015-12-26', '2015-12-26 13:43:16'),
	(298, 1, 'ಸರೋಜಿನಿ', 2, '2015-12-26', '2015-12-26 13:47:04'),
	(299, 1, 'ಪವನ್', 2, '2015-12-26', '2015-12-26 13:47:42'),
	(300, 1, 'ಸುರೇಶ್ ಶೆಟ್ಟಿ ಕಲ್ಕಾರ್', 2, '2015-12-26', '2015-12-26 13:54:18'),
	(301, 1, 'ನವೀನ್, ನಯನಾ, ನೈನಿಕಾ', 2, '2015-12-26', '2015-12-26 14:09:03'),
	(302, 1, 'ಕಲ್ಪನಾ ತೆಂಕುಮನೆ', 2, '2015-12-26', '2015-12-26 14:11:35'),
	(303, 1, 'ಪ್ರಕೃತಿ', 2, '2015-12-26', '2015-12-26 17:20:12'),
	(304, 1, 'ಶೈಲಜಾ ಸಚಿನ್ ಶೆಟ್ಟಿ', 2, '2015-12-26', '2015-12-26 17:33:37'),
	(305, 1, 'ಸಾವಿತ್ರಿ ಸತ್ಯಾನಂದ ಶೆಟ್ಟಿ', 2, '2015-12-26', '2015-12-26 18:02:22'),
	(306, 1, 'ಸಂಪತ್ ಕುಮಾರ್ ಸಚಿನ್ ಕುಮಾರ್', 2, '2015-12-26', '2015-12-26 18:03:04'),
	(307, 1, 'ಶಂಕರ್ ಗುಡ್ಡೆಯಂಗಡಿ', 2, '2015-12-26', '2015-12-26 18:10:43'),
	(308, 1, 'ನಮೃತಾ ಆಳ್ವ', 2, '2015-12-26', '2015-12-26 18:14:25'),
	(309, 1, 'ಭುಜಂಗ ಹೆಗ್ಡೆ', 2, '2015-12-26', '2015-12-26 18:15:06'),
	(310, 1, 'ಶುಭಾನಂದ ಹೆಗ್ಡೆ', 2, '2015-12-26', '2015-12-26 18:15:54'),
	(311, 1, 'ಸುನೀತಾ ಶೆಟ್ಟಿ', 2, '2015-12-26', '2015-12-26 18:16:53'),
	(312, 1, 'ಶೋಭಾ ಶೆಟ್ಟಿ', 2, '2015-12-26', '2015-12-26 18:17:30'),
	(313, 1, 'ಶಶಿ ಶೆಟ್ಟಿ', 2, '2015-12-26', '2015-12-26 18:17:56'),
	(314, 1, 'ನೀನಾ ಕುಂದರ್', 2, '2015-12-26', '2015-12-26 18:18:40'),
	(315, 1, 'ಸ್ವರೂಪ್ ಬಂಗೇರ', 2, '2015-12-26', '2015-12-26 18:19:20'),
	(316, 1, 'ನಿನಾದ್ ವಿವೇಕಾನಂದ ಹೆಗ್ದೆ ಪಠೇಲರ ಮನೆ', 2, '2015-12-26', '2015-12-26 18:36:19'),
	(317, 1, 'ನಾಗರಾಜ್ ಶೆಟ್ಟಿ', 2, '2015-12-26', '2015-12-26 18:44:13'),
	(318, 1, 'ಶಿವಪ್ರಸಾದ್', 2, '2015-12-26', '2015-12-26 18:52:57'),
	(319, 1, 'ಸವಿತಾ', 2, '2015-12-26', '2015-12-26 18:53:15'),
	(320, 1, 'ಸುಶೀಲಾ ಪುಜಾರ್ತಿ', 2, '2015-12-26', '2015-12-26 18:53:46'),
	(321, 1, 'ಭರತ್ ಶೆಟ್ಟಿ', 2, '2015-12-26', '2015-12-26 18:54:43'),
	(322, 1, 'ಶಂಕರ್ ಶೆಟ್ಟಿ', 2, '2015-12-26', '2015-12-26 18:56:20'),
	(323, 1, 'ಜಲಜಮ್ಮ ಶೆಟ್ಟಿ', 2, '2015-12-26', '2015-12-26 18:56:43'),
	(324, 1, 'ಪದ್ಮಿನಿ', 2, '2015-12-26', '2015-12-26 18:59:06'),
	(325, 1, 'ಮೇಘ', 2, '2015-12-26', '2015-12-26 18:59:40'),
	(326, 1, 'Jithendra Shetty', 2, '2015-12-26', '2015-12-26 19:04:05'),
	(327, 1, 'Dr. Akhil Shetty', 2, '2015-12-26', '2015-12-26 19:04:55'),
	(328, 1, 'Amol Shetty', 2, '2015-12-26', '2015-12-26 19:05:15'),
	(329, 1, 'Anshool Shetty', 2, '2015-12-26', '2015-12-26 19:05:38'),
	(330, 1, 'ಶೋಭಾ ಶಶಿಧರ ಶೆಟ್ಟಿ', 2, '2015-12-26', '2015-12-26 19:07:43'),
	(331, 1, 'ಶುಭ ಮೋಹನ್ ದಾಸ ಹೆಗ್ದೆ', 2, '2015-12-26', '2015-12-26 19:10:27'),
	(332, 1, 'ಗಣಪತಿ ಭಟ್', 2, '2015-12-26', '2015-12-26 19:12:21'),
	(333, 1, 'ಪ್ರೀತಮ್', 2, '2015-12-26', '2015-12-26 19:18:06'),
	(334, 1, 'ಸಂತೋಶ್ ಹೆಗ್ದೆ', 2, '2015-12-26', '2015-12-26 19:18:49'),
	(335, 1, 'ಸಂತೋಶ್ ಹೆಗ್ದೆ', 2, '2015-12-26', '2015-12-26 19:19:00'),
	(336, 1, 'ಶಿಲ್ಪ ರಾಜೇಶ್', 2, '2015-12-26', '2015-12-26 19:25:37'),
	(337, 2, 'ಸುಜಾತ ನಾರಾಯಣ್ , ಅಣು ಹೊನ್ದಾರ್ ಮಕ್ಕಿಮನೆ', 2, '2015-12-26', '2015-12-26 19:27:46'),
	(338, 1, 'ಸ್ರುಜನ್ ಉದಯಕುಮಾರ್', 2, '2015-12-26', '2015-12-26 19:29:21'),
	(339, 1, 'ಸ್ರುಜನ್ ಹರೀಶ್ ರಶ್ಮಿ', 2, '2015-12-26', '2015-12-26 19:30:06'),
	(340, 1, 'ಸುಶೀಲಮ್ಮ ಎಸ್ ಜಿ ಪ್ರೆಸಿಡೆಂಟ್ ಸುಮಂಗಲಿ ಸೇವಾ ಆಶ್ರಮ', 2, '2015-12-26', '2015-12-26 19:32:13'),
	(341, 1, 'ಶ್ರೀನಿವಾಸ ಟಿ ಎ ಮಕ್ಕಿಮನೆ', 2, '2015-12-26', '2015-12-26 19:33:48'),
	(342, 1, 'Nataraaj Hegde Tenkumane', 2, '2015-12-26', '2015-12-26 19:34:55'),
	(343, 1, 'Shilpa Srinivasa', 2, '2015-12-26', '2015-12-26 19:36:47'),
	(344, 1, 'Sulochana Shetty', 2, '2015-12-26', '2015-12-26 19:37:37'),
	(345, 1, 'Amith', 2, '2015-12-26', '2015-12-26 19:40:22'),
	(346, 1, 'Shyama Mendon', 2, '2015-12-26', '2015-12-26 19:41:34'),
	(347, 1, 'Praveen Hegde "Manjushree"', 2, '2015-12-26', '2015-12-26 19:42:47'),
	(348, 1, 'Amar Shetty', 2, '2015-12-26', '2015-12-26 19:43:39'),
	(349, 1, 'Amar Shetty', 2, '2015-12-26', '2015-12-26 19:43:55'),
	(350, 1, 'Athiti Shetty', 2, '2015-12-26', '2015-12-26 19:44:24'),
	(351, 1, 'Deepesh Shetty', 2, '2015-12-26', '2015-12-26 19:44:40'),
	(352, 1, 'Pushpa Shetty', 2, '2015-12-26', '2015-12-26 19:45:07'),
	(353, 1, 'Shekar Shetty Doddamane', 2, '2015-12-26', '2015-12-26 19:49:42'),
	(354, 1, 'Vasanthi Hegde Devashya', 2, '2015-12-26', '2015-12-26 19:50:32'),
	(355, 1, 'Dhaksha Devashya', 2, '2015-12-26', '2015-12-26 19:50:52'),
	(356, 1, 'Sachin Shetty Devashya', 2, '2015-12-26', '2015-12-26 19:51:15'),
	(357, 1, 'Irfan', 2, '2015-12-26', '2015-12-26 19:52:42'),
	(358, 1, 'Irfan', 2, '2015-12-26', '2015-12-26 19:52:50'),
	(359, 1, 'Ranjith', 2, '2015-12-26', '2015-12-26 19:53:36'),
	(360, 1, 'Praveen', 2, '2015-12-26', '2015-12-26 19:54:50'),
	(361, 1, 'Sadananda', 2, '2015-12-26', '2015-12-26 19:55:09'),
	(362, 1, 'Akshya', 2, '2015-12-26', '2015-12-26 19:56:17'),
	(363, 4, 'Vijaya & Manohari', 2, '2015-12-26', '2015-12-26 19:57:05'),
	(364, 1, 'RatnaKala', 2, '2015-12-26', '2015-12-26 19:57:26'),
	(365, 1, 'Prasanna Kumar', 2, '2015-12-26', '2015-12-26 19:57:55'),
	(366, 1, 'Umavathi Shetty', 2, '2015-12-26', '2015-12-26 19:59:20'),
	(367, 1, 'Amith Shetty', 2, '2015-12-26', '2015-12-26 19:59:36'),
	(368, 1, 'Vasanthi Shetty Hosavaklu', 2, '2015-12-26', '2015-12-26 21:16:48'),
	(369, 1, 'Anasuya', 2, '2015-12-26', '2015-12-26 21:19:36'),
	(370, 1, 'Chetan', 2, '2015-12-26', '2015-12-26 21:20:05'),
	(371, 1, 'Nidhi', 2, '2015-12-26', '2015-12-26 21:20:17'),
	(372, 1, 'Kushala', 2, '2015-12-26', '2015-12-26 21:20:36'),
	(373, 1, 'Shashi', 2, '2015-12-26', '2015-12-26 21:20:53'),
	(374, 3, 'Pradeep Shetty Kolkebail', 2, '2015-12-26', '2015-12-26 21:22:23'),
	(375, 1, 'Shreya Maapunja', 2, '2015-12-26', '2015-12-26 21:23:45'),
	(376, 1, 'Shravya', 2, '2015-12-26', '2015-12-26 21:23:58'),
	(377, 1, 'Jaya Palli', 2, '2015-12-26', '2015-12-26 21:24:12'),
	(378, 1, 'Girija', 2, '2015-12-26', '2015-12-26 21:24:25'),
	(379, 1, 'Sahana Shetty Devshya', 2, '2015-12-26', '2015-12-26 21:27:19'),
	(380, 1, 'Jyothi Shetty Devashya', 2, '2015-12-26', '2015-12-26 21:27:50'),
	(381, 1, 'Saksksham Shetty Devshya', 2, '2015-12-26', '2015-12-26 21:28:13'),
	(382, 1, 'Yashoda Shetty Devashya', 2, '2015-12-26', '2015-12-26 21:28:42'),
	(383, 1, 'Divakara Shetty Devashya', 2, '2015-12-26', '2015-12-26 21:29:10'),
	(384, 1, 'Nithyananda Shetty devashya', 2, '2015-12-26', '2015-12-26 21:29:31'),
	(385, 1, 'Nisha Devashya', 2, '2015-12-26', '2015-12-26 21:29:56'),
	(386, 1, 'Abhi Hegde', 2, '2015-12-26', '2015-12-26 21:30:14'),
	(387, 1, 'Archana hegde', 2, '2015-12-26', '2015-12-26 21:30:34'),
	(388, 1, 'Devadas hegde devashya', 2, '2015-12-26', '2015-12-26 21:31:30'),
	(389, 1, 'Sumathi Hegde Devashya', 2, '2015-12-26', '2015-12-26 21:31:48'),
	(390, 1, 'Dinesh', 2, '2015-12-26', '2015-12-26 21:33:24'),
	(391, 1, 'Ashish Devashya', 2, '2015-12-26', '2015-12-26 21:41:18'),
	(392, 1, 'Manjula Shetty devashya', 2, '2015-12-26', '2015-12-26 21:44:57'),
	(393, 1, 'poornima Jayaram shetty', 2, '2015-12-26', '2015-12-26 21:45:23'),
	(394, 1, 'kalpana ashok Shetty', 2, '2015-12-26', '2015-12-26 21:45:40'),
	(395, 1, 'Anasuya Bhujanga Shetty', 2, '2015-12-26', '2015-12-26 21:46:00'),
	(396, 1, 'Usha Mohandas Shetty', 2, '2015-12-26', '2015-12-26 21:46:30'),
	(397, 1, 'Ashwini Ajith Shetty', 2, '2015-12-26', '2015-12-26 21:46:53'),
	(398, 1, 'Shwetha Amith Shetty', 2, '2015-12-26', '2015-12-26 21:47:15'),
	(399, 1, 'Jyothi Subhaschandra Hegde', 2, '2015-12-26', '2015-12-26 21:49:13'),
	(400, 1, 'Divakara Shetty Badlapur', 2, '2015-12-26', '2015-12-26 22:29:19'),
	(401, 1, 'Sudheer Shetty', 2, '2015-12-26', '2015-12-26 22:33:33'),
	(402, 1, 'Nithesh Shetty', 2, '2015-12-26', '2015-12-26 22:33:56'),
	(403, 1, 'ಗಗನ್ ಶೆಟ್ಟಿ', 2, '2015-12-27', '2015-12-27 10:43:38'),
	(404, 1, 'ಸುಜಾತ ಶೆಟ್ಟಿ', 2, '2015-12-27', '2015-12-27 10:44:24'),
	(405, 1, 'ಉಶಾ', 2, '2015-12-27', '2015-12-27 11:59:06'),
	(406, 1, 'ದಿಯಾ', 2, '2015-12-27', '2015-12-27 11:59:33'),
	(407, 1, 'ಶಶಿಕಾಂತ', 2, '2015-12-27', '2015-12-27 12:16:12'),
	(408, 1, 'ಸುಶೀಲ ಮಹಾಬಲ ಸಾಲ್ಯಾನ್', 2, '2015-12-27', '2015-12-27 12:26:02'),
	(409, 1, 'Hansika Manohara Poojary', 2, '2015-12-27', '2015-12-27 12:26:39'),
	(410, 1, 'Varadaraaj', 2, '2015-12-27', '2015-12-27 12:45:11'),
	(411, 1, 'Sarojini', 2, '2015-12-27', '2015-12-27 13:21:26'),
	(412, 1, 'Akshya', 2, '2015-12-27', '2015-12-27 14:01:27'),
	(413, 1, 'ಹೂವಿನ ಪೂಜೆ', 2, '2015-12-28', '2015-12-28 21:03:44');
/*!40000 ALTER TABLE `allpoojedata` ENABLE KEYS */;


-- Dumping structure for table brahmalingeshwara.donation
CREATE TABLE IF NOT EXISTS `donation` (
  `Did` int(11) NOT NULL AUTO_INCREMENT,
  `DonationName` varchar(2000) NOT NULL,
  `Status` varchar(10) NOT NULL DEFAULT 'Active',
  PRIMARY KEY (`Did`)
) ENGINE=InnoDB AUTO_INCREMENT=12 DEFAULT CHARSET=utf8;

-- Dumping data for table brahmalingeshwara.donation: ~11 rows (approximately)
/*!40000 ALTER TABLE `donation` DISABLE KEYS */;
INSERT INTO `donation` (`Did`, `DonationName`, `Status`) VALUES
	(1, 'ಸಹಾಯಧನ ಇತರ', 'Active'),
	(2, 'ಅನ್ನಸಂತರ್ಪಣೆ ನಿಧಿ', 'Active'),
	(3, 'ಶಾಶ್ವತ ಪೂಜೆ ನವೀಕರಣೆ', 'Active'),
	(4, 'BrahmamndalaSahayadhana', 'Inactive'),
	(5, 'ಅನ್ನಸಂತರ್ಪಣೆ ಇತರ', 'Active'),
	(6, 'Sonarathi', 'Inactive'),
	(7, 'ಅನ್ನಚತ್ರ ದೇಣಿಗೆ', 'Active'),
	(8, 'ದೇಣಿಗೆ', 'Active'),
	(9, 'ಬ್ರಹ್ಮಮಂಡಲ ದೇಣಿಗೆ', 'Active'),
	(10, 'ಸೋಣಾರತಿ', 'Active'),
	(11, 'ಅನ್ನಚತ್ರ ಟ್ರಾಲಿ ಬಗ್ಗೆ', 'Active');
/*!40000 ALTER TABLE `donation` ENABLE KEYS */;


-- Dumping structure for table brahmalingeshwara.expenditure
CREATE TABLE IF NOT EXISTS `expenditure` (
  `Eid` int(11) NOT NULL AUTO_INCREMENT,
  `ExpenditureName` varchar(2000) NOT NULL,
  `Status` varchar(20) NOT NULL DEFAULT 'Active',
  PRIMARY KEY (`Eid`)
) ENGINE=InnoDB AUTO_INCREMENT=6 DEFAULT CHARSET=utf8;

-- Dumping data for table brahmalingeshwara.expenditure: ~5 rows (approximately)
/*!40000 ALTER TABLE `expenditure` DISABLE KEYS */;
INSERT INTO `expenditure` (`Eid`, `ExpenditureName`, `Status`) VALUES
	(1, 'Utsava-2015', 'Active'),
	(2, 'hhhh', 'Active'),
	(3, 'uyt', 'Inactive'),
	(4, 'iyioyiy', 'Active'),
	(5, 'yyhuhuhu', 'Active');
/*!40000 ALTER TABLE `expenditure` ENABLE KEYS */;


-- Dumping structure for table brahmalingeshwara.income
CREATE TABLE IF NOT EXISTS `income` (
  `Iid` int(11) NOT NULL AUTO_INCREMENT,
  `IncomeName` varchar(2000) NOT NULL,
  `Status` varchar(20) NOT NULL DEFAULT 'Active',
  PRIMARY KEY (`Iid`)
) ENGINE=InnoDB AUTO_INCREMENT=6 DEFAULT CHARSET=utf8;

-- Dumping data for table brahmalingeshwara.income: ~5 rows (approximately)
/*!40000 ALTER TABLE `income` DISABLE KEYS */;
INSERT INTO `income` (`Iid`, `IncomeName`, `Status`) VALUES
	(1, 'Utsava-2015', 'Active'),
	(2, 'lfkew', 'Active'),
	(3, 'thtr', 'Active'),
	(4, 'v33', 'Active'),
	(5, 'jkjk', 'Inactive');
/*!40000 ALTER TABLE `income` ENABLE KEYS */;


-- Dumping structure for table brahmalingeshwara.pooje
CREATE TABLE IF NOT EXISTS `pooje` (
  `pid` int(11) NOT NULL AUTO_INCREMENT,
  `PoojeName` varchar(2000) NOT NULL,
  `Amount` double NOT NULL,
  `Status` varchar(10) CHARACTER SET latin1 NOT NULL DEFAULT 'Active',
  PRIMARY KEY (`pid`)
) ENGINE=InnoDB AUTO_INCREMENT=10 DEFAULT CHARSET=utf8;

-- Dumping data for table brahmalingeshwara.pooje: ~9 rows (approximately)
/*!40000 ALTER TABLE `pooje` DISABLE KEYS */;
INSERT INTO `pooje` (`pid`, `PoojeName`, `Amount`, `Status`) VALUES
	(1, 'ಶಾಶ್ವತ ಪೂಜೆ', 1000, 'Active'),
	(2, 'ಹೂವಿನ ಪೂಜೆ', 150, 'Active'),
	(3, 'ಚಂದ್ರಮಂಡಲ ಸೇವೆ', 150, 'Active'),
	(4, 'ಗೆಂಡ ಸೇವೆ', 50, 'Active'),
	(5, 'ತುಲಾಭಾರ ಸೇವೆ', 100, 'Active'),
	(6, 'ರುಧ್ರಾಭಿಷೇಕ ಸೇವೆ', 25, 'Active'),
	(7, 'ಸರ್ವಸೇವೆ', 100, 'Active'),
	(8, 'ಕುಂಕುಮಾರ್ಚನೆ', 20, 'Active'),
	(9, 'vevke', 100, 'Active');
/*!40000 ALTER TABLE `pooje` ENABLE KEYS */;


-- Dumping structure for table brahmalingeshwara.register
CREATE TABLE IF NOT EXISTS `register` (
  `id` int(11) NOT NULL AUTO_INCREMENT,
  `FullName` varchar(2000) NOT NULL,
  `Password` varchar(50) CHARACTER SET latin1 NOT NULL,
  `EmailId` varchar(200) CHARACTER SET latin1 NOT NULL,
  `PhoneNumber` varchar(200) CHARACTER SET latin1 DEFAULT NULL,
  `role` varchar(50) CHARACTER SET latin1 NOT NULL DEFAULT 'ROLE_ADMIN',
  `Status` varchar(50) CHARACTER SET latin1 NOT NULL DEFAULT 'Inactive',
  PRIMARY KEY (`id`,`EmailId`)
) ENGINE=InnoDB AUTO_INCREMENT=7 DEFAULT CHARSET=utf8;

-- Dumping data for table brahmalingeshwara.register: ~6 rows (approximately)
/*!40000 ALTER TABLE `register` DISABLE KEYS */;
INSERT INTO `register` (`id`, `FullName`, `Password`, `EmailId`, `PhoneNumber`, `role`, `Status`) VALUES
	(1, 'ಶ್ರೇಯಸ್  ಹೆಗ್ದೆ', '9141502033', 'superadmin@kanajartemple.com', '9141502033', 'ROLE_SUPERADMIN', 'Active'),
	(2, 'ನಿಶಾನ್ ಹೆಗ್ಡೆ', '123456', 'nishanhegde.hegde@gmail.com', '9663559596', 'ROLE_SUPERADMIN', 'Active'),
	(3, 'ಚಂದನ್ ಹೆಗ್ಡೆ', 'chandan@123', 'achegde@gmail.com', '9980025918', 'ROLE_SUPERADMIN', 'Active'),
	(4, 'Vijetha Shetty', 'vijeth@123', 'vijeth.shetty7@gmail.com', '9972721314', 'ROLE_ADMIN', 'Active'),
	(5, 'ಶ್ರೀಶಾಂತ್ ಶೆಟ್ಟಿ', '9986209958', 'shrishanthr@gmail.com', '9986209958', 'ROLE_ADMIN', 'Active'),
	(6, 'ಕೆ ಹರಿದಾಸ ಹೆಗ್ಡೆ', '9482033351', 'haridas.hegde54@gmail.com', '9880572271', 'ROLE_ADMIN', 'Active');
/*!40000 ALTER TABLE `register` ENABLE KEYS */;


-- Dumping structure for table brahmalingeshwara.sashwathapooje
CREATE TABLE IF NOT EXISTS `sashwathapooje` (
  `RecNo` int(11) NOT NULL AUTO_INCREMENT,
  `Name` varchar(2000) NOT NULL,
  `Address` varchar(10000) NOT NULL,
  `PDate` varchar(10) CHARACTER SET latin1 NOT NULL,
  `BDate` datetime NOT NULL,
  `MobileNo` varchar(15) CHARACTER SET latin1 DEFAULT NULL,
  `Email` varchar(40) CHARACTER SET latin1 DEFAULT NULL,
  `Pid` int(11) NOT NULL DEFAULT '1',
  PRIMARY KEY (`RecNo`)
) ENGINE=InnoDB AUTO_INCREMENT=1039 DEFAULT CHARSET=utf8;

-- Dumping data for table brahmalingeshwara.sashwathapooje: ~683 rows (approximately)
/*!40000 ALTER TABLE `sashwathapooje` DISABLE KEYS */;
INSERT INTO `sashwathapooje` (`RecNo`, `Name`, `Address`, `PDate`, `BDate`, `MobileNo`, `Email`, `Pid`) VALUES
	(1, 'Kutti Shetty ', '"Moodu Hosamane" P.O.Korangrapady Udupi Taluk ', '05-JAN', '2015-09-13 17:37:48', '0', ' ', 1),
	(2, 'Sugandha Hegde ', '"Corners Chambers", Shivaji Park 2nd Floor, Room No. 30 Road No. 5  Mahim, Mumbai - 400 016 ', '07-JAN', '2015-09-13 17:37:48', '0', ' ', 1),
	(3, 'Chandra Shekar S. Nayak ', 'Baggaguttu House, Kanajar P.O. Guddeangady Via: Hiriadaka, Udupi Taluk - 576 113 ', '08-JAN', '2015-09-13 17:37:48', '0', ' ', 1),
	(4, 'Pundalika Nayak', '"Nilesh Bhavan", No. 28, B Wing Gorawadigate, Dombivili (East) Thane Dist, Maharastra - 421 201 ', '23-APR', '2015-09-13 17:37:48', ' ', ' ', 1),
	(5, 'Gopal Nayak ', 'Pelathur Majalu House P.O. Guddeangady. Via Hiriadaka Udupi Taluk - 576 113 ', '11-JAN', '2015-09-13 17:37:48', '0', ' ', 1),
	(6, 'N.C. Shetty ', '402, Bindra Complex 4th Floor, Mahakali Road Anderi (East), Mumbai - 400 093 ', '04-APR', '2015-09-13 17:37:48', '0', ' ', 1),
	(7, ' Prema Shyama Shetty', 'B503 Roop Maya CHS Ltd. Airoli Navi Mumbai-400708 ', '03-SEP', '2015-09-13 17:37:48', ' ', ' ', 1),
	(8, 'Paddakka Shetty ', 'C/o. Sanjeeva Shetty "Barpani House" P.O. Kanajar ', '12-JAN', '2015-09-13 17:37:48', '0', ' ', 1),
	(9, 'Kusuma B. Rai ', '203/B, Ganga Kunj, Thakur Wadi Near : Vaibhav Hall, Dombivili (West) Thane District, Maharastra ', '10-FEB', '2015-09-13 17:37:48', '0', ' ', 1),
	(10, 'K. Sundar Shetty', '"Umashanker Nivas" P.O. Kuthyar Udupi Taluk - 574 504 ', '19-NOV', '2015-09-13 17:37:48', ' ', ' ', 1),
	(11, 'Prathiba D. Shetty ', 'Yermal Hosamane P.O. Yermalbada Udupi Taluk ', '04-JAN', '2015-09-13 17:37:48', '0', ' ', 1),
	(12, 'Ramakrishna Hegde ', '"SHREE" P.O. Kanajar ', '06-JAN', '2015-09-13 17:37:48', '0', ' ', 1),
	(14, 'Shubhakara Shetty ', '"Shailaja Nilaya" Madibettu P.O. Guddeangady Via: Hiriadaka Udupi Taluk - 576 113 ', '15-JAN', '2015-09-13 17:37:48', '0', ' ', 1),
	(15, 'Kumuda Heggadthi', '"Yermal Hosamane" P.O. Yermalbada Udupi Taluk ', '20-MAY', '2015-09-13 17:37:48', ' ', ' ', 1),
	(16, 'Ramananda Hegde', '"VISHNU", No. 5/252/E II Main, Vibhudapriya Nagar Post: Kunjibettu, Udupi - 576102', '05-MAY', '2015-09-13 17:37:48', ' ', ' ', 1),
	(17, 'Diwakara T. Hegde ', 'JAI AMBE STORES Pashwa Kunj, # 2, Mathuradas Road Kandivili (W), Mumbai - 400 067 ', '16-JAN', '2015-09-13 17:37:48', '0', ' ', 1),
	(18, 'Shreedhar M. Shetty ', 'ICICI Limited 163, Backbay Reclamation Mumbai - 400 020 ', '18-JAN', '2015-09-13 17:37:48', '0', ' ', 1),
	(19, 'Sundara A. Shetty', 'Hotel Sanman Bar & Restaurent P.K. Road  Mulund (W), Mumbai - 400 080', '15-JUN', '2015-09-13 17:37:48', ' ', ' ', 1),
	(20, 'Geetha Mohan Shetty', '"Dheeraj Apartments", Flat No. 503 - 504 "A" Wing, Natwar Nagar, Road No. 1 Jogeshwari (E), Mumbai - 400 060 ', '02-MAY', '2015-09-13 17:37:48', '09619248260', '', 1),
	(21, 'Sadhu K. Shetty ', '"Hosavaklu House" Kowdoor Village Bailoor - 574 102 ', '19-JAN', '2015-09-13 17:37:48', '0', ' ', 1),
	(22, 'Jayashri Hithakar Shetty ', '"Poonam Park" A-1-403 Industrial Estate Road Lalbag Mumbai - 400 012 ', '01-APR', '2015-09-13 17:37:48', '0', ' ', 1),
	(24, 'Suhasini Sanjeeva Hegde ', '301, "Gadgil Apartments" Kakasaheb Gadgil Marg, Prabhadevi Mumbai - 400 025 ', '21-JAN', '2015-09-13 17:37:48', '0', ' ', 1),
	(25, 'P.Shivanna Shetty', '"Narasamma Nivas" P.O. Kanajar', '07-JUN', '2015-09-13 17:37:48', ' ', ' ', 1),
	(26, 'Dayananda Hegde ', '***************************************************', '22-JAN', '2015-09-13 17:37:48', '0', ' ', 1),
	(28, 'Krishnayya Hegde ', 'P.O. Kanajar ', '01-FEB', '2015-09-13 17:37:48', '0', ' ', 1),
	(39, 'Krishnayya Hegde (3)', 'P.O. Kanajar ', '09-FEB', '2015-09-13 17:37:48', ' ', ' ', 1),
	(40, 'Kurumbilu Kunder ', '"Kushala Nilaya"   Madibettu P.O. Guddeangadi Hiriadaka - 576 113 ', '02-JAN', '2015-09-13 17:37:48', '0', ' ', 1),
	(41, 'Karunakar J. Shetty ', 'A/2, 303 , "Sakel Complex" Kishen Kohli Marg Extension Majiwada Thana - 400 601 ', '06-SEP', '2015-09-13 17:37:48', ' ', ' ', 1),
	(43, 'Kalyani Shetty ', '"Derebettu" P.O.Kanajar ', '23-JAN', '2015-09-13 17:37:48', '0', ' ', 1),
	(44, 'K Krishnayya Hegde ', '', '09-MAR', '2015-09-13 17:37:48', '08258275123', '', 1),
	(45, 'Krishnayya Hegde(2)', 'P.O. Kanajar  Karkala Taluk - 574 102 ', '09-APR', '2015-09-13 17:37:48', ' ', ' ', 1),
	(46, 'P. Krishna Shetty', '"Hotel Ashwini", Ballarpur Chandrapur Dist. Maharastra ', '18-MAY', '2015-09-13 17:37:48', ' ', ' ', 1),
	(47, 'K. Dineshchndra Hegde ', 'Yerlapady Village P.O. Govindoor Karkala Taluk ', '24-JAN', '2015-09-13 17:37:48', '0', ' ', 1),
	(48, 'Vishwanath Raju Shetty ', 'Merchant, "Shanthibettu" P.O. Kanajar ', '25-JAN', '2015-09-13 17:37:48', '0', ' ', 1),
	(49, 'Gulabi J. Shetty ', '"Keladevasya" P.O. Kanajar ', '26-JAN', '2015-09-13 17:37:48', '0', ' ', 1),
	(50, 'M.L. Melanta ', '# 101 ADTHYA HOMES\nBehind Kadri Police Station,Kadri Hills\nPost Bejai Mangalore - 575 004\n', '10-JAN', '2015-09-13 17:37:48', '0', ' ', 1),
	(51, 'M.L. Melanta (2)', '# 101 ADTHYA HOMES\nBehind Kadri Police Station,Kadri Hills\nPost Bejai Mangalore - 575 004\n', '08-APR', '2015-09-13 17:37:48', ' ', ' ', 1),
	(52, 'K. Vivekananda Hegde ', '"VISHNU", No. 5/252/E II Main, Vibhudapriya Nagar Post: Kunjibettu, Udupi - 576102 ', '01-MAR', '2015-09-13 17:37:48', '0', ' ', 1),
	(53, 'Sheela R. Shetty', 'E/27, "Vrindavan" L.B.S. Marg, Ghatkopar (w)  Mumbai - 400 086 ', '11-SEP', '2015-09-13 17:37:48', ' ', ' ', 1),
	(54, 'Shilpa R. Shetty ', '2694/ 4th Cross, 8th Main,  H. A. L. II Stage, Indiranagar Bangalore - 560 038 ', '03-MAR', '2015-09-13 17:37:48', '0', ' ', 1),
	(55, 'Rashmi R. Shetty', '', '19-JUL', '2015-09-13 17:37:48', ' ', ' ', 1),
	(56, 'Sucharitha R. Shetty', '', '01-JUL', '2015-09-13 17:37:48', ' ', ' ', 1),
	(57, 'Anusuya B. Hegde', '"ANUBALA" P.O. Padubidri Udupi Taluk ', '12-DEC', '2015-09-13 17:37:48', ' ', ' ', 1),
	(58, 'Bharathi S. Hegde', 'W/o. Prof. S.N. Hegde "Vidvath" 2437, Near Canara Bank Vijayanagar II Stage, Mysore - 570 017 ', '09-SEP', '2015-09-13 17:37:48', ' ', ' ', 1),
	(59, ' Sunita S Shetty', '8\', "Aniresh", Saibaba Park Mithchowki, Malad (W) Mumbai - 400 064 ', '10-OCT', '2015-09-13 17:37:48', ' ', ' ', 1),
	(60, 'K. Vishwanath Hegde ', '#7/1,"Shiva Poojan Shukla Chawl" Kulkarniwadi, Subhash Nagar,Asalpa  Ghatkopar (West) Mumbai - 400 0', '27-JAN', '2015-09-13 17:37:48', '0', ' ', 1),
	(61, 'Suresh Hegde', '"Raj Karan Shukla Chawk", Asalpa Village Ghatkopar Mumbai - 400 084 ', '25-APR', '2015-09-13 17:37:48', ' ', ' ', 1),
	(63, ' Lalitha N. Shetty', 'W/o. Naveena Chandra Shetty Kojakully House, Post : Kelarkalabettu Udupi Taluk & District - 576 125 ', 'KrTK/MON', '2015-09-13 17:37:48', ' ', ' ', 1),
	(64, 'U. Padmavathi', 'Kalkar House P.O. Kanajar Karkala Taluk - 574 102 ', 'RAM/NVaM', '2015-09-13 17:37:48', ' ', ' ', 1),
	(65, 'U. Padmavathi(2)', 'Kalkar House P.O. Kanajar Karkala Taluk - 574 102 ', 'GNSh/CHT', '2015-09-13 17:37:48', ' ', ' ', 1),
	(66, 'Chandrakanth K. Saliyan', '"Vaibhav Society",  Azad Road, Vile Parle (East) Mumbai - 400 057', '08-MAY', '2015-09-13 17:37:48', ' ', ' ', 1),
	(67, 'Appi K. Saliyan', 'Vaibhav Society, Azad Road Vile Prle (East) Mumbai - 400 057', '09-MAY', '2015-09-13 17:37:48', ' ', ' ', 1),
	(68, 'Rathan Kumar Shetty', 'Kadeberke House P.O. Kanajar 574102', '10-JUN', '2015-09-13 17:37:48', ' ', ' ', 1),
	(69, 'Indira Shetty ', 'C/o. Kadya Shetty "Kaje Darkas House", P.O. Joduraste Karkala Taluk - 576 117 ', '29-JAN', '2015-09-13 17:37:48', '0', ' ', 1),
	(70, 'Sitaram N. Shetty', 'Dattu Bhavan Building, 306 - 3rd Floor Sainath Nagar, Rati Bunder Road Dombivili (West), Thane Dist - 421 202 ', '28-APR', '2015-09-13 17:37:48', ' ', ' ', 1),
	(71, 'Karunakara Shetty ', '"Koppala House" P.O. Guddeangady Via: Hiriadaka Udupi Taluk - 576 113 ', '30-JAN', '2015-09-13 17:37:48', '0', ' ', 1),
	(72, 'Ranjani S. Hegde ', '9A,"Belar Apartments",  Opp: Syndicate Bank, Pali Hill Road Bandra (West), Mumbai - 400 072 ', '31-JAN', '2015-09-13 17:37:48', '0', ' ', 1),
	(73, 'Sarvotham A. Kamath ', '***************************************************', '02-FEB', '2015-09-13 17:37:48', '0', ' ', 1),
	(74, 'Harish Shetty ', '"Lolakshi Nilaya" Mooduberke P.O.Kanajar ', '03-FEB', '2015-09-13 17:37:48', '0', ' ', 1),
	(75, 'Chandrashekara Mada', '"AKSHYA" P.O.Bailoor - 574 102  ', '19-AUG', '2015-09-13 17:37:48', ' ', ' ', 1),
	(77, 'K P C Hegde', '5- BOULEVARD COWIN Opp: TRIVENI CLUB, BEAU - BASSIN MAURITIOUS ', '01-OCT', '2015-09-13 17:37:48', ' ', ' ', 1),
	(78, 'Vanithalaxmi Hegde', 'C/o. Suresh Hegde "Shantha" House, P.O. Goddeangady Via: Hiriadaka, Udupi Taluk - 576 113 ', '25-SEP', '2015-09-13 17:37:48', ' ', ' ', 1),
	(79, 'Nithin Hegde', 'C/o. Suresh Hegde "Shantha" House, P.O. Goddeangady Via: Hiriadaka, Udupi Taluk - 576 113', '14-JUN', '2015-09-13 17:37:48', ' ', ' ', 1),
	(80, 'Yamini Hegde', 'C/o. Suresh Hegde "Shantha" House, P.O. Goddeangady Via: Hiriadaka, Udupi Taluk - 576 113 ', '17-SEP', '2015-09-13 17:37:48', ' ', ' ', 1),
	(81, 'Prakash B. Hegde ', '"Vaishali Tower", Balrajeshwar Road Mulund (West) Mumbai - 400 080 ', '05-FEB', '2015-09-13 17:37:48', '0', ' ', 1),
	(82, 'Chandrahas N Chowta', '503, CHIRANJIV ENCLAVE 90 feet Road, Bhayandar (W),  Thane District, Maharastra - 401101', '23-JUN', '2015-09-13 17:37:48', '09324948099', '', 1),
	(83, 'Seetharama Shetty', '"Hadilu Mane" Post: Nitte Karkala Taluk ', '14-SEP', '2015-09-13 17:37:48', ' ', ' ', 1),
	(84, 'T.S. Krishnamoorthy ', '"Tandamundi House", P.O. Makkimane Theerthahalli Taluk Shimoga - 577 415 ', '08-FEB', '2015-09-13 17:37:48', '0', ' ', 1),
	(85, 'Shivarama Shetty ', '"Koppala House" P.O. Guddeangady Via: Hiriadaka Udupi Taluk - 576 113 ', '11-FEB', '2015-09-13 17:37:48', '0', ' ', 1),
	(86, 'Premalatha S. Hegde', '305, "Sanagar Apartments", Opp: Laxinarayana Theater, 8/2, Gultekdi, Pune - Satara Road Pune - 411 037', '22-JUL', '2015-09-13 17:37:48', ' ', ' ', 1),
	(87, 'Anand Surya Moolya ', '"Appi Nivas" P.O.Kanajar ', '13-FEB', '2015-09-13 17:37:48', '0', ' ', 1),
	(88, 'Ravindra S. Hegde', 'Pioneer Diesels 6/1 Murarji Peth Solapur - 413 001 ', '21-DEC', '2015-09-13 17:37:48', '09822031347', 'spr_rshegde@rocketmail.com', 1),
	(89, 'Asha S. Shetty ', '208, "Mukund Apartments" Palmgrove Road Bangalore - 560 047 ', '14-JAN', '2015-09-13 17:37:48', '0', ' ', 1),
	(90, 'Srinik Hegde', '603, 3rd Block, 16th B Main "Kavishree", Koramangala Bangalore - 560 034 ', '10-SEP', '2015-09-13 17:37:48', ' ', ' ', 1),
	(91, 'Rajendra Shetty', '27 / 702 Nehru Nagar Kurla (East) Mumbai - 400 024 ', '27-APR', '2015-09-13 17:37:48', ' ', ' ', 1),
	(92, 'Lalitha L. Shetty', '"Sannamundabettu Guttu House" P.O. Moodu Perara Mangalore - 574 166 ', '28-MAY', '2015-09-13 17:37:48', ' ', ' ', 1),
	(93, 'Girija Annappa Shetty', '"Sannamundabettu Guttu House" P.O. Moodu Perara Mangalore - 574 166', '07-MAY', '2015-09-13 17:37:48', ' ', ' ', 1),
	(94, 'Chennamma Shetty ', '"Sannamundabettu Guttu House" P.O. Moodu Perara Mangalore - 574 166 ', '01-JAN', '2015-09-13 17:37:48', '0', ' ', 1),
	(95, 'Seetha I. Shetty ', '"Sannamundabettu Guttu House" P.O. Moodu Perara Mangalore - 574 166 ', '09-MAR', '2015-09-13 17:37:48', '0', ' ', 1),
	(96, 'Chandayya Poonja ', '"Sannamundabettu Guttu House" P.O. Moodu Perara Mangalore - 574 166 ', '01-JAN', '2015-09-13 17:37:48', '0', ' ', 1),
	(97, 'Susheela N. Shetty ', '"Sannamundabettu Guttu House" P.O. Moodu Perara Mangalore - 574 166 ', '27-MAR', '2015-09-13 17:37:48', '0', ' ', 1),
	(98, 'Vittal I. Shetty(2)', 'Bldg No. 89, Room No. 3123 II Floor, Neharu Nagar, Near Dairy Kurla (E), Mumbai - 400 024 ', '4-DEC', '2015-09-13 17:37:48', ' ', ' ', 1),
	(99, 'Rekha Sadananda Poonja', '"Gopinath Terrace" A - 407. 4th Floor, Opp: Shirdi Nagar Borivili (West), Mumbai -  ', '11-APR', '2015-09-13 17:37:48', ' ', ' ', 1),
	(100, 'Ananda Shetty', '"Hotel Rajashi" Station Road, Bhyandar (West) Thane Dist, Mumbai -  ', '13-APR', '2015-09-13 17:37:48', ' ', ' ', 1),
	(101, 'Sushanth V. Shetty', '"Sai Nikethan" Flat No. 6, III Floor, Mount Road Mazgaon, Mumbai - 400 010 ', '01-OCT', '2015-09-13 17:37:48', ' ', ' ', 1),
	(102, 'Uma A. Shetty ', '"Sai Niketan", Flat No. 6, 3rd Floor Mazgaon Mount Road Mumbai - 400 010 ', '04-MAR', '2015-09-13 17:37:48', '0', ' ', 1),
	(103, 'Vittal Shetty ', '"Sai Niketan" Flat No. 6, 3rd Floor, Mount Road Mazgaon, Mumbai - 400 010 ', '25-MAR', '2015-09-13 17:37:48', '0', ' ', 1),
	(104, ' Jayanthi V. Shetty ', '"Sai Niketan", Flat No. 6, 3rd Floor Mazgaon Mount Road Mumbai - 4000 010 ', '05-MAR', '2015-09-13 17:37:48', '0', ' ', 1),
	(105, 'Kanthu Poojary ', 'Kampan, Kowdoor Village P.O.Bailoor - 574 102 ', '06-MAR', '2015-09-13 17:37:48', '0', ' ', 1),
	(106, 'Diwakar Shetty', '"Devikripa House" Kadeberke  P.O. Kanajar ', '27-APR', '2015-09-13 17:37:48', ' ', ' ', 1),
	(107, ' Mohan Shetty', 'Hotel Sadananda Signal Hill Avenue, Sewree Mumbai -400 033 ', 'KrTK/MON', '2015-09-13 17:37:48', ' ', ' ', 1),
	(108, 'Dr. Y. Shivananda Shetty', 'KALPA-THARU HABITAT, \'B\' WING, F No. 98 Dr. S S Road, Parel, Mumbai - 400 012', '26-JUL', '2015-09-13 17:37:48', ' ', ' ', 1),
	(109, 'Sanjana S. Shetty', 'C/o Dr. Y. S. Shetty KALPA-THARU HABITAT,\'B\' WING, F No. 98 Dr. S S Road, Parel, Mumbai - 400 012 ', '23-DEC', '2015-09-13 17:37:48', ' ', ' ', 1),
	(110, 'Sheetal S. Shetty ', 'C/o Dr. Y. S. Shetty KALPA-THARU HABITAT, \'B\' WING, F No. 98 Dr. S S Road, Parel, Mumbai - 400 012 ', '03-JAN', '2015-09-13 17:37:48', '0', ' ', 1),
	(111, 'Sharada S. Shetty', 'C/o Dr. Y. S. Shetty KALPA-THARU HABITAT, \'B\' WING, F #.98 Dr. S S Road, Parel, Mumbai - 400 012 ', '20-MAY', '2015-09-13 17:37:48', ' ', ' ', 1),
	(112, 'Sairaj S. Shetty', 'C/o Dr. Y. S. Shetty KALPA-THARU HABITAT, \'B\' WING, F No. 98 Dr. S S Road, Parel, Mumbai - 400 012', '11-JUN', '2015-09-13 17:37:48', ' ', ' ', 1),
	(113, 'Bharathi S. Shetty', 'W/o Dr. Y. S. Shetty KALPA-THARU HABITAT, \'B\' WING, F No. 98 Dr. S S Road, Parel, Mumbai - 400 012', '17-JUL', '2015-09-13 17:37:48', ' ', ' ', 1),
	(114, 'Shivarama V. Shetty ', '"Kepul House" P.O. Kanajar ', '17-FEB', '2015-09-13 17:37:48', '0', ' ', 1),
	(115, 'Gopa Poojary ', '"Keerabettu House" P.O. Kanajar ', '07-MAR', '2015-09-13 17:37:48', '0', ' ', 1),
	(117, 'Premavathi  Hegde ', 'Doddamane P.O. Kanajar  ', '08-MAR', '2015-09-13 17:37:48', '0', ' ', 1),
	(118, 'Susheela Hegde', 'Chethana Sadana P.O. Kanajar ', '07-APR', '2015-09-13 17:37:48', '  9141502033', ' ', 1),
	(119, 'Shoba Shantharam', 'K.V. Colony P.O.Kadoor Chikkamagaloor Dist - 577 598 ', '09-APR', '2015-09-13 17:37:48', ' ', ' ', 1),
	(120, 'Kalappa Shetty ', 'Kinnimulky Udupi ', '30-MAR', '2015-09-13 17:37:48', '0', ' ', 1),
	(121, 'Devadas Nayak', 'C/o. Gunduraya Nayak "Mayagunde",  P.O. Puttur, Udupi Taluk - 576 125', '05-MAY', '2015-09-13 17:37:48', ' ', ' ', 1),
	(122, 'Ganesh Shetty', '"Kowdoor Hosamane" Church Compound P.O. Kanajar ', '9-NOV', '2015-09-13 17:37:48', ' ', ' ', 1),
	(123, ' Ganesh Shetty', '"Kowdoor Hosamane" Church Compound P.O. Kanajar ', '30-NOV', '2015-09-13 17:37:48', ' ', ' ', 1),
	(124, 'Shashi Sadananda Shetty', 'Krishna Kripa Kanthavara Village. Kanthavara Post Karkala T.Q', '26-JUN', '2015-09-13 17:37:48', ' ', ' ', 1),
	(125, 'Vinoda Prakash Hegde', '"Vaishali Tower", 3rd Floor, B/301 Vaishali Nagar, Bal Rajeshwari Road Mulund (W), Mumbai ', '21-OCT', '2015-09-13 17:37:48', ' ', ' ', 1),
	(126, 'Jalaja Hegde', '"Uliargoli Kelathota House" P.O. Kaup Udupi Taluk ', '11-NOV', '2015-09-13 17:37:48', ' ', ' ', 1),
	(127, 'Nikhil K. Shetty ', 'S/o. Karunakara Shetty "Amba Prasad", Kowdoor Village P.O.Kanajar ', '02-FEB', '2015-09-13 17:37:48', '0', ' ', 1),
	(128, 'J. S. Shetty', 'Divya Jyothi Bar & Restaurant N. M. Joshi Marg Mumbai - 400 013 ', '10-DEC', '2015-09-13 17:37:48', ' ', ' ', 1),
	(129, 'Girija Nagaraj Shetty', 'P.O. Singala Koppa Taluk Chikkmagalore ', '5-DEC', '2015-09-13 17:37:48', ' ', ' ', 1),
	(130, 'Arathi Jayakar Shetty', '"Ambaprasad" P.O. Kanajar  ', '17-NOV', '2015-09-13 17:37:48', ' ', ' ', 1),
	(131, 'Rajesh A. Shetty ', '"Rajesh Bar & Restaurent", Hilton Road, Bhyandar (W), Thane District Mumbai - 401 101 ', '19-FEB', '2015-09-13 17:37:48', '0', ' ', 1),
	(132, ' K. Madhava Nayak', 'General Merchant Church Compound P.O. Kanajar ', '03-DEC', '2015-09-13 17:37:48', ' ', ' ', 1),
	(133, 'Ranjan R. Shetty', 'S/o. Vinoda R. Shetty "Patels House" P.O. Kadekar Udupi Taluk ', '24-OCT', '2015-09-13 17:37:48', ' ', ' ', 1),
	(134, 'Mitra C. Shetty', 'A - 104, "Sankalp", Opp: Ganesh Theatre, Sane Gururaj Marg Chinchpokli, Mumbai - 400 012 ', '19-APR', '2015-09-13 17:37:48', ' ', ' ', 1),
	(135, 'Vaishali Prashanth Shetty', 'C/o. Rekha Sadananda Shetty "Gopinath Terrace", A - 407, 4th Floor Opp: Shripl Nagar, Borivili, Mumbai', '14-JUL', '2015-09-13 17:37:48', ' ', ' ', 1),
	(136, 'Prameela Shetty', 'BPT Quarters, No. 5 Nadkarni Park, Wadala (E) Mumbai - 400 037 ', '29-APR', '2015-09-13 17:37:48', ' ', ' ', 1),
	(137, 'Sarojini S. Shetty', '"Garden View" Flat No. 3, Sorinjni Road  Vile Parle (West), Mumbai - 400 056', '11-MAY', '2015-09-13 17:37:48', ' ', ' ', 1),
	(138, 'Deepika G. Hegde ', 'Tilak Ganesh Co-op. Hsg. Society Ltd. 58/2074 Tilak Nagar  Chembur Mumbai - 400 089 ', '09-JAN', '2015-09-13 17:37:48', '0', ' ', 1),
	(139, 'Uma A. Shetty (2)', '"Sai Niketan", Flat No. 6 III Floor, Mazgaon Mount Road Mumbai - 400 010', '03-JUN', '2015-09-13 17:37:48', ' ', ' ', 1),
	(140, 'Deepak Hegde', 'B503 Roop Maya CHS Ltd. Airoli Navi Mumbai - 400708 ', '12-OCT', '2015-09-13 17:37:48', ' ', ' ', 1),
	(141, 'Shirveni Hegde', 'D-204 Raunak Tower,Raunak Park #2 Pokhran Road  Thane(W)-400606', '10-MAY', '2015-09-13 17:37:48', ' ', ' ', 1),
	(142, ' Bhujanga N. Shetty', 'Flat No. 13, II Floor, "B.D. Bhagath Build." Airey Road,Near:Vivakananda High School Dombivili (E), Thana Dist, Maharastra ', '21-AUG', '2015-09-13 17:37:48', ' ', ' ', 1),
	(143, ' Loknath N. Shetty ', 'B/202, SURYA KIRAN APARTMENTS Rh - 161, Opp: Mamata Hospital, MIDC Dombivili(E), Thana Dist, Maharas', '23-MAR', '2015-09-13 17:37:48', '0', ' ', 1),
	(144, 'Jayakar B. Shetty', '"Kapila", \'D\' Flat No. 2,  Basava Kalyana Nagar, Shiva Mandir Road Ambernath (E), Mumbai - 421 501 ', '28-MAY', '2015-09-13 17:37:48', ' ', ' ', 1),
	(145, 'Deepak Alva', '"Padumani House" Kudigrama Village Hiriadaka, Udupi Taluk - 576 113 ', '15-APR', '2015-09-13 17:37:48', ' ', ' ', 1),
	(146, 'Suneetha N. Shetty', '"Khatheeja Mahal", Room No. 12 Near: Ganesh Talkies Mulund (E), Mumbai - 400 081', '17-JUN', '2015-09-13 17:37:48', ' ', ' ', 1),
	(147, 'Dayananada Shetty', '"Shankari Nilaya" Thenkumane P.O. Kanajar', '18-JUN', '2015-09-13 17:37:48', ' ', ' ', 1),
	(148, 'Nomaya Nayak', '"Ganesh Niwas" Kandalke, Kowdoor,  Via: Bailoor - 574 102', '15-MAY', '2015-09-13 17:37:48', ' ', ' ', 1),
	(149, 'Sridhar Shetty', 'C-1- Hermes Park Co-op Society Opp Bund Garden Pune - 411 001 ', '13-DEC', '2015-09-13 17:37:48', ' ', ' ', 1),
	(150, 'Sabita Sushanth Shetty', '"Oasis Restaurent" 595, Sachapir Street Pune - 411 001 ', '26-APR', '2015-09-13 17:37:48', ' ', ' ', 1),
	(151, 'Ranjith Shetty', '"Bhavani Nilaya" P.O. Ninjoor Karkala Taluk ', '27-SEP', '2015-09-13 17:37:48', ' ', ' ', 1),
	(152, 'Kushala A. Shetty', '27 / 702 Nehru Nagar Kurla (East) Mumbai - 400 024', '08-MAY', '2015-09-13 17:37:48', ' ', ' ', 1),
	(153, 'Bhaskar Shetty ', '"Hotel Vijayadurga" Kalyanadurga, Ananthapura District Andra Pradesh ', '01-MAR', '2015-09-13 17:37:48', '0', ' ', 1),
	(154, 'Sadashiva D. Shetty', '"Rosphile Building", Station Road Bhyandar(w), Thane Dist. Mumbai - 401 101 ', '21-MAY', '2015-09-13 17:37:48', ' ', ' ', 1),
	(155, 'Sundar P. Shetty', 'C/3, 202, Akash Lokrachana Amar Nagar, Mulund (W) Mumbai - 400 082 ', '29-MAY', '2015-09-13 17:37:48', ' ', ' ', 1),
	(156, 'Babu I. Shetty', '404, "Sheetal Chaya" Sitladevi Temple Road, Mahim Mumbai - 400 016 ', '14-NOV', '2015-09-13 17:37:48', ' ', ' ', 1),
	(157, 'Uggappa I. Shetty ', '"Gandevi Prasad Building", III Floor Pandurangawadi, Manpada Main Road Dombivili (E), Thane Maharastra ', '05-SEP', '2015-09-13 17:37:48', ' ', ' ', 1),
	(158, 'Prafulla S. Shetty', '"Aparna House" Manjanna Shetty Road P.O. Kulashekara, Mangalore ', '21-SEP', '2015-09-13 17:37:48', ' ', ' ', 1),
	(159, 'Raghunath B. Hegde ', '7A  501 - Building 5th Floor, Siddarth Nagar Opp: BOHR Factory  Mumbai ', '14-FEB', '2015-09-13 17:37:48', '0', ' ', 1),
	(160, ' Vishwanath Shetty ', '"Badanthila Guttu House" P.O.Badanthila Mangalore ', '15-FEB', '2015-09-13 17:37:48', '0', ' ', 1),
	(161, 'Harish Kamath ', 'S/o. Govinda Kamath Hadankoli House P.O. Kanajar ', '16-FEB', '2015-09-13 17:37:48', '0', ' ', 1),
	(162, 'Shivaram Hegde ', '"Guddebettu House" P.O. Kudi, Via: Hiriadaka Udupi Taluk ', '31-MAR', '2015-09-13 17:37:48', '0', ' ', 1),
	(163, 'Sudhakar Achchanna Poojary ', '"Darkas House" Madibettu P.O.Guddeangady Via: Hiriadaka Udupi Taluk - 576 113 ', '18-FEB', '2015-09-13 17:37:48', '0', ' ', 1),
	(164, 'Deeraj Hegde', '"Happy Home Apartments" # 7/403/8, Arya Samaj Road Kadri, Mangalore - 575 003', '20-JUN', '2015-09-13 17:37:48', ' ', ' ', 1),
	(165, ' Baskara K. Shetty ', '"Sankry Nilaya" P.O.Kanajar ', '20-JAN', '2015-09-13 17:37:48', '0', ' ', 1),
	(166, 'Rathna V. Shetty ', '"Pejathabettu House" P.O.Badanthila Magalore Taluk ', '19-FEB', '2015-09-13 17:37:48', '0', ' ', 1),
	(167, ' Prafulla Hegde', 'Patels House P.O. Kadekar Udupi Taluk ', 'MShrT', '2015-09-13 17:37:48', ' ', ' ', 1),
	(168, 'K Naveenachandra Hegde', 'Kanajar Patels House PO Kanajar - 574 102  ', '9-OCT', '2015-09-13 17:37:48', '9141502094', 'achegde@gmail.com', 1),
	(169, 'Gabriel A. G. ', '***************************************************', '20-FEB', '2015-09-13 17:37:48', '0', ' ', 1),
	(170, 'Prameela Y. Shetty ', '"Kailasa Nagar" A - 24, SAGARAMPURA Surat - 395 003 ', '22-FEB', '2015-09-13 17:37:48', '0', ' ', 1),
	(171, 'Nataraja Shetty ', '"Sannamundabettu Guttu House" P.O. Moodu Perara Mangalore - 574 166 ', '23-FEB', '2015-09-13 17:37:48', '0', ' ', 1),
	(172, 'Sandya Hegde ', 'C/o. Prof. S.N. Hegde "Vidvath" 2437, Near Canara Bank Vijayanagar II Stage, Mysore - 570 017 ', '30-APR', '2015-09-13 17:37:48', ' ', ' ', 1),
	(173, 'Vindhya Hegde', 'C/o. Prof. S.N. Hegde "Vidvath" 2437, Near Canara Bank Vijayanagar II Stage, Mysore - 570 017 ', '02-DEC', '2015-09-13 17:37:48', ' ', ' ', 1),
	(174, 'Chandravathi H. Shetty', '1/3, Masrani Mansion, Halav Pool Hall Road, Kurla (W) Mumbai - 400 070 ', '1-NOV', '2015-09-13 17:37:48', ' ', ' ', 1),
	(175, 'Sumathi S. Hegde', '"Nadumane Guttu" P.O. Nandalike Karkala Taluk', '21-JUN', '2015-09-13 17:37:48', ' ', ' ', 1),
	(176, 'Bhoja G. Shetty (4)', 'Chandan Wines Bailoor Karkala Taluk, Udupi ', '15-AUG', '2015-09-13 17:37:48', ' ', ' ', 1),
	(177, ' Sunanda B. Shetty', 'Chandan Wines PO Bailur - 574102 Karkala T.Q ', '12-DEC', '2015-09-13 17:37:48', ' ', ' ', 1),
	(178, 'Dr. Shashikanth Shetty ', 'S/o Bhoja Shetty Chandan Wines PO Bailur - 574102 ', '01-JAN', '2015-09-13 17:37:48', '0', ' ', 1),
	(179, 'Vijayalaxmi T. Shetty', 'C-114"Jamboodarshan Co-op Hsg Society" Andheri Sahar Road, Koldongri Andheri (East) Mumbai - 400 069 ', '08-SEP', '2015-09-13 17:37:48', ' ', ' ', 1),
	(180, 'Shivananda B. Shetty', 'S/o Bhoja G Shetty Chandan Wines, PO Bailur Karkala Taluk -574102', '24-JUN', '2015-09-13 17:37:48', ' ', ' ', 1),
	(181, 'Thushar S. Shetty', 'C-114 "Jamboodarshan Co-op Hsg Society" Andheri Sahar Road Koldongri Andheri (East) Mumbai - 400 069 ', '18-DEC', '2015-09-13 17:37:48', ' ', ' ', 1),
	(182, 'Kamala G. Shetty ', '"Kamala Nivas" P.O. Kanajar ', '25-FEB', '2015-09-13 17:37:48', '0', ' ', 1),
	(183, 'Vikram S. Hegde ', 'Vikram Rice Mill P. O. Kanajar - 574 102  ', '24-FEB', '2015-09-13 17:37:48', '0', ' ', 1),
	(184, 'Prabhakara B. Shetty ', 'Thirupathi Apartments, Plot No 101,  First Floor, Koknipada, Kurar Village Malad (E),Mumbai - 400 097', '26-FEB', '2015-09-13 17:37:48', '0', ' ', 1),
	(185, 'Venkappa Poojary ', '"Suvarna Nilaya" Keerabettu P.O.Kanajar ', '27-FEB', '2015-09-13 17:37:48', '0', ' ', 1),
	(186, 'Namritha H. Shetty', 'W/o. Harish Shetty "Bandasala House" P.O. Bailoor - 574 102 ', '02-MAY', '2015-09-13 17:37:48', ' ', ' ', 1),
	(187, 'Sulochana Raveendra Shetty', '"Mada Soft Drinks" P.O. Bailoor - 574 102  ', '26-MAR', '2015-09-13 17:37:48', '0', ' ', 1),
	(188, 'Vidya Vijay Shetty', '"Deepalakshmi", Block No - 2, S. No. 79/2 Plot No. - 6, 6th Cross, Adarsh Nagar Vadgoan Road, Hindwadi, Belgaum - 590 011 ', '27-OCT', '2015-09-13 17:37:48', ' ', ' ', 1),
	(189, 'Suresh C. Shetty ', '"Sri Ambika Nagar Co-op. Hsg. Society" B. No. 4/B, I Floor, Room No. 6, Saraswat Colony, Dombivily(E', '21-FEB', '2015-09-13 17:37:48', '0', ' ', 1),
	(190, 'Sujatha K.T. ', 'C/o. Sumangala Seva Ashram Chadanayakana Halli, P.O. R. T. Nagar Bangalore - 560 032 ', '28-FEB', '2015-09-13 17:37:48', '0', ' ', 1),
	(191, 'Suresh Shetty(2)', 'Sri. Ambika Nagar Co-op Housing Society B.No. 4/B, I Floor Room No.6, Sarasvath  Colony, Dombivili (E), Mumbai - 421 201 ', '15-DEC', '2015-09-13 17:37:48', ' ', ' ', 1),
	(192, 'Dayananda Hegde (2)', 'B-1501, Willows Tower Vasant Garden, Swapna Nagar Mulund (W), Mumbai - 400 080', '16-JUN', '2015-09-13 17:37:48', ' ', ' ', 1),
	(193, 'Surekha Hegde', 'B-1501, Willows Tower Vasant Garden, Swapna Nagar Mulund (W), Mumbai - 400 080', '19-JUL', '2015-09-13 17:37:48', ' ', ' ', 1),
	(194, 'Naitika Hegde', '', '03-MAY', '2015-09-13 17:37:48', ' ', ' ', 1),
	(195, 'Darmika Hegde', 'B-1501, Willows Tower Vasant Garden, Swapna Nagar Mulund (W), Mumbai - 400 080', '31-JUL', '2015-09-13 17:37:48', ' ', ' ', 1),
	(196, 'N. B. Shetty ', '***************************************************', '02-MAR', '2015-09-13 17:37:48', '0', ' ', 1),
	(197, 'Kumari Shetty ', '**************************************************************************', '05-APR', '2015-09-13 17:37:48', '0', ' ', 1),
	(198, 'Deviprasad Shetty', '"Gourav Niketan" 5/501, Holy Cross Road,  Borivili, Mumbai ', '15-APR', '2015-09-13 17:37:48', ' ', ' ', 1),
	(199, 'Manjunath Shetty', '"Gourav Niketan" 5/501, Holy Cross Road,  Borivili, Mumbai ', '16-APR', '2015-09-13 17:37:48', ' ', ' ', 1),
	(200, 'Jyothi Shetty', '"Gourav Niketan" 5/501, Holy Cross Road,  Borivili, Mumbai ', '17-APR', '2015-09-13 17:37:48', ' ', ' ', 1),
	(201, 'Shivarama Shetty (2)', '"Udupi Upahara Griha" Industrial Estate Sangli - 416 416 ', '10-MAR', '2015-09-13 17:37:48', ' ', ' ', 1),
	(202, 'Cheenka Shetty ', '"Shri Ram Nivas" Kadeberke P.O. Kanajar ', '11-MAR', '2015-09-13 17:37:48', '0', ' ', 1),
	(203, 'B.T. Shetty ', '"Alakananda", Flat No. 201. "B" Wing Dattani Park, Borivili(E),  Mumbai ', '06-FEB', '2015-09-13 17:37:48', '0', ' ', 1),
	(204, 'Umavathi A. Shetty ', '"Shanthinikethan" Build. No. 3, Ground Floor,  Ghatkopar, Mumbai -  ', '12-MAR', '2015-09-13 17:37:48', '0', ' ', 1),
	(205, 'Sukumar. A. Shetty ', '"Shanthinikethan" Build. No. 3, Ground Floor,  Ghatkopar, Mumbai -  ', '13-MAR', '2015-09-13 17:37:48', '0', ' ', 1),
	(206, 'Nailoji A. Shetty ', '"Shanthinikethan" Build. No. 3, Ground Floor,  Ghatkopar, Mumbai -  ', '14-MAR', '2015-09-13 17:37:48', '0', ' ', 1),
	(207, 'Prafulla J. Shetty ', '"Blue Bird", II Floor, College Road Off Codel Road, Nr. Prabadevi Tel. Exge. Prabhadevi, Mumbai ', '15-MAR', '2015-09-13 17:37:48', '0', ' ', 1),
	(208, 'Prafulla J. Shetty (2)', '"Blue Bird", II Floor, College Road Off Codel Road, Nr. Prabadevi Tel. Exge. Prabhadevi, Mumbai ', '10-APR', '2015-09-13 17:37:48', ' ', ' ', 1),
	(209, 'Baburaj Hegde ', 'C/o. Sunder Auto Parts Opp: Poddar Hospital  Worli, Mumbai - 400 018 ', '16-MAR', '2015-09-13 17:37:48', '0', ' ', 1),
	(210, 'Vishwanath S. Shetty ', '************************************************************************', '17-MAR', '2015-09-13 17:37:48', '0', ' ', 1),
	(211, 'Jitendra M. Shetty ', '"Hotel Akarshan" Station Road, Vikroli (W) Mumbai - 400 083 ', '18-MAR', '2015-09-13 17:37:48', '0', ' ', 1),
	(212, 'Surendra Shetty ', '"Surabhi Nilaya" Savadatti Road, Mahant Nagar Dharwad - 580 001 ', '19-MAR', '2015-09-13 17:37:48', '0', ' ', 1),
	(213, 'K.S. Shetty ', 'P.B. No.14 Moodugere Taluk Chikkamagaloor Dist - 577 132 ', '20-MAR', '2015-09-13 17:37:48', '0', ' ', 1),
	(214, 'K.S. Shetty (2)', 'P. B. No. 14 Moodugere Taluk Chikkamagaloor Dist - 577 132 ', '02-APR', '2015-09-13 17:37:48', '0', ' ', 1),
	(215, ' Appu Poojary ', '"Darakyar" Berke P.O.Kanajar  ', '21-MAR', '2015-09-13 17:37:48', '0', ' ', 1),
	(216, 'Appu Poojary (2)', '"Darakyar" Berke,  P.O. Kanajar ', '03-APR', '2015-09-13 17:37:48', '0', ' ', 1),
	(217, 'Appu Poojary (3)', '"Darakyar" Berke,  P.O. Kanajar  574102', '04-MAY', '2015-09-13 17:37:48', ' ', ' ', 1),
	(218, 'Appu Poojary (4)', '"Darakyar" Berke,  P.O. Kanajar 574102', '02-JUN', '2015-09-13 17:37:48', ' ', ' ', 1),
	(219, 'B. Krishna Prabhu', '"Mithra Kuteera" Madibettu, P.O. Guddeangadi Via Hiriadka, Udupi Taluk - 576113 ', 'VJY/DShM', '2015-09-13 17:37:48', ' ', ' ', 1),
	(220, 'Sudhakar Kanchan ', '************************************************************************', '22-MAR', '2015-09-13 17:37:48', '0', ' ', 1),
	(221, 'Sudhakar Kanchan (2)', '"Trishul Bar & Restaurent" P.B. Road, Tolnako Darwad - 580 004 ', '06-APR', '2015-09-13 17:37:48', ' ', ' ', 1),
	(222, 'Krishnamoorthy Mogeraya', '"Shri Subramanya Nilaya" P.O. Aliyoor, Shirthady Moodabidri, Mangalore Taluk ', '14-APR', '2015-09-13 17:37:48', ' ', ' ', 1),
	(223, 'D. S. Shetty ', '"Hadankoly" P.O. Kanajar ', '23-MAR', '2015-09-13 17:37:48', '0', ' ', 1),
	(224, 'Manjunath S. Hegde', 'Melrose,Flat #6  6th Floor 16th Road TPS III, Bandra(W) Mumbai-50 ', '26-OCT', '2015-09-13 17:37:48', ' ', ' ', 1),
	(225, 'Diwakar B. Shetty  ', '"Hotel Jayashree", Badlapur Rly. Station P.O. Kulgaon, Ambernath Taluk,  Thane Dist, Maharastra - 42', '28-MAR', '2015-09-13 17:37:48', '0', ' ', 1),
	(226, ' Sharada S. Shetty', 'D/o. Sundar Shetty "Jai Shanker Hsg. Co-op. Society",Block-4 Bail Bazar, Kalyan(W), Thana Dist. ', '19-OCT', '2015-09-13 17:37:48', ' ', ' ', 1),
	(227, 'Soumya V. Shetty ', 'D/o. Vijaya Shetty "Rabia Bai" Building, Gokale Society Lane Room No. 10,  Parel,  Mumbai - 400 012 ', '17-JAN', '2015-09-13 17:37:48', '0', ' ', 1),
	(228, 'Sharada Bai', 'Rtd. Teacher  P.O. Guddeangady, Via: Hiriadaka Kanajar Village, Karkala Taluk - 576 113 ', '31-MAY', '2015-09-13 17:37:48', ' ', ' ', 1),
	(229, 'Balakrishna Poojary ', '"Rada Nivas" Bommarbettu Village,  P.O. Panchanbettu, Udupi Taluk ', '29-MAR', '2015-09-13 17:37:48', '0', ' ', 1),
	(230, 'Sukhalatha P. Shetty', 'D/O  Prabhakar Shetty\nKottrabakyar, Kanajar Post&Villg.\nKarkala, Udupi Dist-574102\n', '18-APR', '2015-09-13 17:37:48', ' ', ' ', 1),
	(231, 'K. Bhoja G. Shetty', 'Chandan Wines P.O. Bailur - 574102 ', '20-APR', '2015-09-13 17:37:48', ' ', ' ', 1),
	(232, 'K. Bhoja G. Shetty (2)', 'Chandan Wines PO Bailur Karkala Taluk - 574 102', '06-MAY', '2015-09-13 17:37:48', ' ', ' ', 1),
	(233, 'K. Bhoja G. Shetty (3)', 'Chandan Wines PO Bailur Karkala Taluk ', '15-JUL', '2015-09-13 17:37:48', ' ', ' ', 1),
	(234, 'Dr. Mohandas Shetty', '6A, Roopa Nivas  III, 33rd Cross Road Bandra (West), Mumbai', '12-MAY', '2015-09-13 17:37:48', ' ', ' ', 1),
	(235, 'Pradeep C. Shetty Kolakebail', 'Mahishamardini Temple Jairaj Nagar, Borivili (W) Mumbai - 400 095 ', '19-APR', '2015-09-13 17:37:48', ' ', ' ', 1),
	(236, 'Shreedhar Shetty', 'Mahishamardini Temple Jairaj Nagar, Borivili Mumbai', '05-JUL', '2015-09-13 17:37:48', ' ', ' ', 1),
	(237, 'Meenakshi S. Chouta', '"Sannamundabettu Guttu House" P.O. Moodu Perara Mangalore - 574 166', '02-JUN', '2015-09-13 17:37:48', ' ', ' ', 1),
	(238, 'Suhita Sharan Shetty', 'Chethan Building 712, Guruvar Peth Poona - 411 002 ', '28-APR', '2015-09-13 17:37:48', ' ', ' ', 1),
	(239, 'Shekar Jattan', '"Shiva Soft Drinks" Gundibail, P.O. Kunjibettu Udupi Taluk ', '11-MAY', '2015-09-13 17:37:48', ' ', ' ', 1),
	(240, 'Rama R. Shetty', 'A-6/56 "Green Fields of Mahakali" Caves Road, Poonam Nagar Andheri(E), Mumbai - 400 093', '13-JUL', '2015-09-13 17:37:48', ' ', '', 1),
	(241, 'Vishwanath M. Shetty (2)', 'P.B. No. 2393 DUBAI UAE ', '23-APR', '2015-09-13 17:37:48', ' ', ' ', 1),
	(242, ' U. Sakaram Rao', 'P.O.Nire, Via Bailoor, Karkala Taluk - 574 102  ', 'VJY/DShM', '2015-09-13 17:37:48', ' ', ' ', 1),
	(243, 'Krishna Diwakar Hegde', 'B/9, Guendecha Housing Society Ltd." Iraniwadi Road, No. 3 , Kandavili (West) Mumbai - 400 067 ', '24-APR', '2015-09-13 17:37:48', ' ', ' ', 1),
	(244, 'Tulasi Diwakar Hegde', 'B/9, Guendecha Housing Society Ltd." Iraniwadi Road, No. 3 , Kandavili (West) Mumbai - 400 067 ', '26-AUG', '2015-09-13 17:37:48', ' ', ' ', 1),
	(245, 'Kiran Diwakar Shetty', 'B/9, Guendecha Housing Society Ltd." Iraniwadi Road, No. 3 , Kandavili (West) Mumbai - 400 067 ', '26-SEP', '2015-09-13 17:37:48', ' ', ' ', 1),
	(246, 'Triveni Dinesh Shetty', 'R - 2 Nagardar Building Bhandarkar Road, Matunga (C. Rly) Mumbai - 400 019 ', '27-MAY', '2015-09-13 17:37:48', ' ', ' ', 1),
	(247, 'Bharathi Harish Shetty', 'A/50, "Rampanchayathan Co-op. Hsg. Sty" Shivmandir Road, Ramnagar,  Dombivili(E), Thane - 421 201 ', '16-AUG', '2015-09-13 17:37:48', ' ', ' ', 1),
	(248, 'Prema A. Shetty', 'Panjimar, "Kodunand Mane" P.O. Shirva Udupi Taluk', '04-JUN', '2015-09-13 17:37:48', ' ', ' ', 1),
	(249, 'Deepthi S. Hegde', 'C/o. Rohan Hegde 9/A,Belair Apts., Pali Hill Road Bandra(W), Mumbai - 400 052 ', '25-AUG', '2015-09-13 17:37:48', ' ', ' ', 1),
	(250, ' Rohan S. Hegde', '9/A, Belar Apartments Pali Hill Road  Bandra(W), Mumbai - 400 052 ', '27-NOV', '2015-09-13 17:37:48', ' ', ' ', 1),
	(251, 'Chandu Poojary', '"Suvarna Kripa House" P.O. Kanajar 574102', '20-JUL', '2015-09-13 17:37:48', ' ', ' ', 1),
	(253, 'Krishnappa Salian', '"Ashirvad" P.O. Kanajar 574102', '18-MAY', '2015-09-13 17:37:48', ' ', ' ', 1),
	(254, 'Vinoda K. Salian ', 'W/o  Krishnappa Salian "Ashirvad" P.O. Kanajar ', '19-MAY', '2015-09-13 17:37:48', ' ', ' ', 1),
	(255, 'Jyothi J. Shetty', 'Bharathi Bhavan, Plot No. - 357  Gujarath - 310 201', '12-JUN', '2015-09-13 17:37:48', '09429041262', '', 1),
	(256, 'K.Jagadeesha Shetty', 'Gadadalke House Kowdoor Village P.O. Kanajar', '22-JUN', '2015-09-13 17:37:48', ' ', ' ', 1),
	(257, 'Pooja Shetty ', '***************************************************', '04-MAR', '2015-09-13 17:37:48', '0', ' ', 1),
	(258, 'Sahana Suhas Shetty', 'S4, B5 Sapna Park,  Bethoda Road, Ponda, Goa -403401 ', '9-DEC', '2015-09-13 17:37:48', '09975021354', 'shettyss17@gmail.com', 1),
	(259, 'Vishwanath Shetty', 'S/o Koraga Shetty "Hosavaklu", Kowdoor P.O. Kanajar - 400 070 ', '03-NOV', '2015-09-13 17:37:48', ' ', ' ', 1),
	(260, 'Hirianna Shetty ', 'Retd. Teacher, "Maligemane" P.O.Ninjoor Karkala Taluk - 574 244 ', '21-MAR', '2015-09-13 17:37:48', '0', ' ', 1),
	(301, 'Suguna Ramanna Shetty', 'Chal No. 16, Room No. D - 260 Panjabi Camp, Sion Kolivada Mumbai - 400 037', '28-JUL', '2015-09-13 17:37:48', ' ', ' ', 1),
	(302, 'Narasimha Nayak', '"Raithaseva Gramodyoga", Hebri Kanyana, Hebri Karkala Taluk ', '19-SEP', '2015-09-13 17:37:48', ' ', ' ', 1),
	(303, 'S. Laxminarayana Nayak', '"Raithaseva Gramodyoga", Hebri Kanyana, Hebri Karkala Taluk', '04-JUN', '2015-09-13 17:37:48', ' ', ' ', 1),
	(304, 'Umesh Ushakiran Shetty', 'D-27/1,  DRDO Complex C.V. Raman Nagar , Phase - II Bangalore - 560 093 ', '23-NOV', '2015-09-13 17:37:48', ' ', ' ', 1),
	(305, 'Sathish Rama Shetty', 'C/o. K.P.K. Shetty "Krishlee Sadana", P.O. Kudi Via Hiriadaka, Udupi Taluk', '27-JUL', '2015-09-13 17:37:48', ' ', ' ', 1),
	(306, 'Sri. Sapna', '"Ashraya" D 63, Ananthanagar II Stage, Manipal - 576 119 ', '23-OCT', '2015-09-13 17:37:48', ' ', ' ', 1),
	(307, 'Bhaskar Shetty(2)', '"Hotel Godavari" Higoli Taluk & Dist Maharastra - 431 513 ', '18-NOV', '2015-09-13 17:37:48', ' ', ' ', 1),
	(308, 'Karunakar Hegde', '"Saket Tower - 3" Villa - 3, Kishan Koli Marg Extension Majiwade, Thane - 400 601', '17-MAY', '2015-09-13 17:37:48', ' ', ' ', 1),
	(309, 'Vasuda R. Shetty', 'Saket Tower - 3 , Villa - 3 Kishan Koli Marg Extension Majiwade, Thane - 400 601', '08-JUN', '2015-09-13 17:37:48', ' ', ' ', 1),
	(310, 'Umakantha Bhat ', 'Plot No. LSB - 17, KHB Colony Kunjathabail Mangalore - 575 015 ', '16-JAN', '2015-09-13 17:37:48', '0', ' ', 1),
	(311, 'Sudha V. Shetty ', '"Chithrabail" Krishna Nilaya, P.O. Ninjoor, Karkala Taluk ', '26-MAR', '2015-09-13 17:37:48', '0', ' ', 1),
	(312, 'Mohini V. Shetty ', 'High Point - Apartment 4th Floor, Flat No. 2042, Palace Road Bangalore - 560 001 ', '12-JAN', '2015-09-13 17:37:48', '0', ' ', 1),
	(313, 'Shwetha V. Shetty', '"High Point Apartments" 4th Floor, Flat No. - 2042 Palace Road, Bangalore - 560 001 ', '27-AUG', '2015-09-13 17:37:48', ' ', ' ', 1),
	(314, 'Sanath V. Shetty', '"High Point Apartments" 4th Floor, Flat No. - 2042 Palace Road, Bangalore - 560 001 ', '07-SEP', '2015-09-13 17:37:48', ' ', ' ', 1),
	(315, 'Gita Ravi Shetty ', '18/19, Chitrakut Building RAK Road, Wadala Mumbai - 400 031 ', '14-FEB', '2015-09-13 17:37:48', '0', ' ', 1),
	(316, ' Bharathi S. Shetty ', 'KALPA-THARU HABITAT, \'B\' WING, Flat No. 98, Dr. S. S. Road Parel, Mumbai - 400 012 ', '14-FEB', '2015-09-13 17:37:48', '0', ' ', 1),
	(317, 'Indira Sanjeeva Shetty', 'Kolakebail P.O. Kanajar', '09-MAY', '2015-09-13 17:37:48', ' ', ' ', 1),
	(318, 'Nagesh Nayak ', 'Sanoor Village P.O. Sanoor Karkala Taluk ', '03-APR', '2015-09-13 17:37:48', '0', ' ', 1),
	(319, 'Vivek S. Shetty', '"Rathna Kuteera" Belman P.O. Karkala Taluk ', '30-MAY', '2015-09-13 17:37:48', ' ', ' ', 1),
	(320, 'Rohith', 'C/o. S.S. Hegde 9/A, Belair Apartments, Pali Hill Road Bandra - Khar (w), Mumbai - 400 052', '06-JUL', '2015-09-13 17:37:48', ' ', ' ', 1),
	(321, 'Raju Shetty', 'Durga Kamala Nivas  P.O. Kanajar Karkala T.Q-574102 ', '28-APR', '2015-09-13 17:37:48', ' ', ' ', 1),
	(322, 'Amani Shetty', 'Durga Kamala Nivas  P.O. Kanajar Karkala T.Q-574102 ', '29-APR', '2015-09-13 17:37:48', ' ', ' ', 1),
	(323, 'Jayaprasad Hegde', '"Ashwini Nilaya" P.O. Kuthpady Udupi Taluk - 576 118 ', '21-APR', '2015-09-13 17:37:48', ' ', ' ', 1),
	(324, 'Thimmappa B. Shetty ', 'Karibettu House P.O. Kannur Mangalore - 575 007 ', '14-JAN', '2015-09-13 17:37:48', '0', ' ', 1),
	(325, 'Y. Vasanth Kumar Hegde ', '"Happy Home Apartments" # 7/403/8, Arya Samaj Road Kadri, Mangalore - 575 003 ', '09-FEB', '2015-09-13 17:37:48', '0', ' ', 1),
	(326, 'Dayananda Shetty(2)', 'Plot No.5,   1055 Sainagar CIDCO - NC Aurangabad ', '26-NOV', '2015-09-13 17:37:48', ' ', ' ', 1),
	(327, 'Jayakara N. Poojary ', 'C/o. Hotel Gangothri MIDC Tharapur, Boisar Taluk Palgar Thana Dist. Maharastra - 401 506 ', '04-MAR', '2015-09-13 17:37:48', '0', ' ', 1),
	(328, 'Raveendra S. Shetty', 'Kelamane House P.O. Kanajar ', '02-MAY', '2015-09-13 17:37:48', ' ', ' ', 1),
	(329, ' K. Malathi ', '1258,9th B Main Road 6th Cross, Srinivasa Nagar II Phase, Bangalore - 560 050 ', '11-JAN', '2015-09-13 17:37:48', '0', ' ', 1),
	(330, 'Pallavi. K.', '1258,9th B Main Road 6th Cross, Srinivasa Nagar II Phase, Bangalore - 560 050 ', '25-SEP', '2015-09-13 17:37:48', ' ', ' ', 1),
	(331, 'Pavan K. Manjithaya', '1258,9th B Main Road 6th Cross, Srinivasa Nagar II Phase, Bangalore - 560 050 ', '23-MAY', '2015-09-13 17:37:48', ' ', ' ', 1),
	(332, 'K.V. Manjithaya', '1258,9th B Main Road 6th Cross, Srinivasa Nagar II Phase, Bangalore - 560 050 ', '16-OCT', '2015-09-13 17:37:48', ' ', ' ', 1),
	(333, 'Gopal Mendon', 'Saraswathi Chawl, Laxman Nagar Near Police Station, Kulad Village Malad,  Mumbai - 400 097 ', '22-NOV', '2015-09-13 17:37:48', ' ', ' ', 1),
	(334, 'Divya Prasad Shetty', '"Happy Home Apartments" # 7/403/8, Arya Samaj Road Kadri, Mangalore - 575 003', '27-JUL', '2015-09-13 17:37:48', ' ', ' ', 1),
	(335, 'Rashmi Hegde', '"Krishna", Srinivasanagar P.O. Kunjibettu Udupi - 576 002 ', '15-AUG', '2015-09-13 17:37:48', ' ', ' ', 1),
	(336, 'Malini Jagadish Hegde', '"Padmashila", P.O. Padubidri Udupi Taluk', '09-MAY', '2015-09-13 17:37:48', ' ', ' ', 1),
	(337, 'Vanitha Sudakar Shetty', 'B. No. 25. R. No. 787 Tagore Nagar Vikroli (E), Mumbai - 400 083 ', '13-AUG', '2015-09-13 17:37:48', ' ', ' ', 1),
	(338, 'Varchas Hegde', '', '08-JUL', '2015-09-13 17:37:48', ' ', ' ', 1),
	(339, 'N. C. Shetty(2)', 'Advocate Highcourt 402 Bindra Complex, Mahakali Road Andheri (E), Mumabi - 400 093 ', 'CHdrM/UGD', '2015-09-13 17:37:48', ' ', ' ', 1),
	(340, 'Sachin Malli', 'Flat No.4306, "Anria Dwellington"  Near: Sterling Apartment, Dollars Colony RMV II Stage, Bangalore - 560 094', '10-JUN', '2015-09-13 17:37:48', '9845222289', '', 1),
	(341, 'Sooryakanth Mahabala Shetty', '#301, 3rd Floor "Shubha Sandesha Co-operative Housing Society Hansraj Lane, Byculla, Mumbai - 400 027', '23-JUN', '2015-09-13 17:37:48', ' ', ' ', 1),
	(342, 'Shobha V. Hegde', '"Happy Home Apartments" # 7/403/8, Arya Samaj Road Kadri, Mangalore - 575 003 ', '31-MAY', '2015-09-13 17:37:48', ' ', ' ', 1),
	(344, 'Sukumar A. Shetty', 'Anupam Nagar, D2/01, Kalyan Murbad Road, Kalyan (W) Maharastra - 421 301 ', '13-OCT', '2015-09-13 17:37:48', ' ', ' ', 1),
	(346, 'Dinesh R. Hegde', '# 57, "Gangothri Co-op Society" Flat No. 502, Gorai kadi Borivili (W), Mumbai - 400 092 ', '13-SEP', '2015-09-13 17:37:48', ' ', ' ', 1),
	(347, 'Dinesh R. Hegde(2)', '# 57, "Gangothri Co-op Society" Flat No. 502, Gorai kadi Borivili (W), Mumbai - 400 092 ', '19-SEP', '2015-09-13 17:37:48', ' ', ' ', 1),
	(348, 'Manoj J. Shetty', 'A/702, DAFFODILS, Whispering Meadows Ansal Properties, Near Model Town Mulund (W), - 400080 ', '10-APR', '2015-09-13 17:37:48', ' ', ' ', 1),
	(349, 'Ashwij J. Shetty', 'A/702, DAFFODILS, Whispering Meadows Ansal Properties, Near Model Town Mulund (W), - 400080 ', '4-NOV', '2015-09-13 17:37:48', ' ', ' ', 1),
	(350, 'Poornima Hegde', 'Katwa Cement Company Sharapur, Basavanagalli Belgaum ', '04-MAY', '2015-09-13 17:37:48', ' ', ' ', 1),
	(351, ' K. Dineshchndra Hegde', 'No. 4-102, "Shivani", Manchi, 3rd Cross Indrali Temple Road, Indrali Kunjibettu, Udupi - 576 102 ', '8-OCT', '2015-09-13 17:37:48', ' ', ' ', 1),
	(352, 'Vinayasheela Hegde', 'W/o. Vasantha Shetty "Hotel Devi Prasad", P.O. Hulkote Gadag Taluk & Dist ', '02-SEP', '2015-09-13 17:37:48', ' ', ' ', 1),
	(353, 'Sumathi Hegde', '"Gangadhara Nilaya" P.O. Kenjoor, Via: Kokkarne Udupi taluk', '11-MAY', '2015-09-13 17:37:48', ' ', ' ', 1),
	(354, 'Usha M. Shetty ', 'W/o. Mohandas Shetty P.O. Ardi, Thotadamane, Albadi Village Kundapur Taluk ', '18-MAR', '2015-09-13 17:37:48', '0', ' ', 1),
	(355, 'Harish Hegde', '1/7, Rajkaran Shukla Nivas Asalpha Village, Pipe Line Ghatkopar (W), Mumbai - 400 084 ', '17-AUG', '2015-09-13 17:37:48', ' ', ' ', 1),
	(356, 'Vivek S. Shetty (2)', '"Pallavi Veg Restaurent", Rajanigandh Shopping Centre, Shop No. 1, Dindoshi Film City Road, Gokulam, Goregaon (E), Mumbai  ', '13-AUG', '2015-09-13 17:37:48', ' ', ' ', 1),
	(357, 'Raghava N. Shetty', 'Mooduperara Village & Post Kinnikambla Mangalore - 574 166', '08-MAY', '2015-09-13 17:37:48', ' ', ' ', 1),
	(358, 'Pushpa S. Shetty ', '"Korottu House"  Padu Post Mangalore ', '01-JAN', '2015-09-13 17:37:48', '0', ' ', 1),
	(359, 'Sunanda L. Shetty ', 'W/o Lokanath Shetty "Panekala House" P.O. Vagga Bantwala Taluk - 574 265 ', '01-JAN', '2015-09-13 17:37:48', '0', ' ', 1),
	(360, 'Shobha Hegde', '6A, Palm Count TPS  IV ,  Road No. 9 Bandra   Mumbai - 400 050', '13-MAY', '2015-09-13 17:37:48', ' ', ' ', 1),
	(361, 'Shankar S. Kotian', 'Balaram Apartments, R.No. 4 H.No. 155, Opp: Ekta Hospital, Thana Rd. Bhihrivdi, Thana Dist - 421 305', '16-MAY', '2015-09-13 17:37:48', ' ', ' ', 1),
	(362, 'Sudhakar Shetty ', '16, "May Flower" , Amritvan Complex Goregaon (East) Mumbai - 400 063 ', '01-JAN', '2015-09-13 17:37:48', '0', ' ', 1),
	(363, 'Sanjeev Shetty ', '16, "May Flower" , Amritvan Complex Goregaon (East) Mumbai - 400 063 ', '14-JAN', '2015-09-13 17:37:48', '0', ' ', 1),
	(364, 'Sadananad S. Shetty ', 'B-401, Vrindavan Behind Dindoshi Depot Malad (East), Mumbai - 400 097 ', '02-APR', '2015-09-13 17:37:48', '0', ' ', 1),
	(365, 'Padma K. Shetty', '"Kallottu House" P.O. Pilar Udupi Taluk ', '9-OCT', '2015-09-13 17:37:48', ' ', ' ', 1),
	(366, ' Vanaja V. Shetty ', 'Nallottu Hosamane, Herror Village Kollugudde, P.O. Bantakal Via: Shankarapura, Udupi Taluk ', '10-FEB', '2015-09-13 17:37:48', '0', ' ', 1),
	(367, 'Vishwanath M. Shetty ', '7, Siddartha Apartments Ist Floor, Kasturi Park, Shimpoli Road Borivili(W), Mumbai - 400 092 ', '03-APR', '2015-09-13 17:37:48', '0', ' ', 1),
	(368, 'Vittala Shetty', '"Koppala House" P.O. Kanajar ', '21-APR', '2015-09-13 17:37:48', ' ', ' ', 1),
	(369, 'Sujatha S. Shetty ', 'C.F.C. Building MIDC Ahmednagar - 414 111 ', '20-JAN', '2015-09-13 17:37:48', '0', ' ', 1),
	(370, 'Udaya Kumar L. Shetty', '"Hotel Jayashree" Sakivihar Road, Sakinaka Andheri (E), Mumbai - 400 072 ', '20-NOV', '2015-09-13 17:37:48', ' ', ' ', 1),
	(371, 'Prasanna L. Shetty', '"Hotel Jayashree" Sakivihar Road, Sakinaka Andheri(E), Mumbai - 400 072 ', '19-MAY', '2015-09-13 17:37:48', ' ', ' ', 1),
	(372, 'Vasanthi S. Kadamba', 'Harinivas P.O. Doopada Katte Karkala Taluk', '05-MAY', '2015-09-13 17:37:48', ' ', ' ', 1),
	(373, 'Nirupama Shekar Hegde', '"Hirebettu House" P.O.Hirebettu, Via: Athrady Udupi Taluk - 576 123 ', '14-AUG', '2015-09-13 17:37:48', ' ', ' ', 1),
	(374, 'K. Bhaskar Hegde', 'Retd. Vijaya Bank Manager P.O. Salvady Kundapura Taluk', '25-JUN', '2015-09-13 17:37:48', ' ', ' ', 1),
	(375, 'K. Haridas Hegde', 'Dugganabail House P.O. Kanajar 574102', '01-MAY', '2015-09-13 17:37:48', '9482033351', 'haridas.hegde54@gmail.com', 1),
	(376, 'Soumya Shetty', '204, Benezer II Floor Lokandwala Complex, Andheri Mumbai - 400 058 ', '22-MAY', '2015-09-13 17:37:48', ' ', ' ', 1),
	(377, 'Indira A. Shetty', '"Nandadeepa" 30 Patha & Bhag Navi Patha, Poona - 411 030 ', '03-SEP', '2015-09-13 17:37:48', ' ', ' ', 1),
	(379, 'Sneha Vijay Shetty', '1/3, Masrani Mension, Halav Pool Hall Road, Kurla Mumbai - 400 070 ', '9-OCT', '2015-09-13 17:37:48', ' ', ' ', 1),
	(380, 'Ashok Hiriyanna Shetty', '1/3, Masrani Mansion Halav Pool Hall Road, Kurla(W) Mumbai - 400 070 ', '25-MAY', '2015-09-13 17:37:48', ' ', ' ', 1),
	(381, 'Akshatha Ashok Shetty ', '1/3, Masrani Mension Halav Pool, Hall Road. Kurla  Mumbai - 400 070 ', '11-JAN', '2015-09-13 17:37:48', '0', ' ', 1),
	(382, 'Vinayaka Ashok Shetty ', '1/3, Masrani Mension Hallav Pool, Hall Road Kurla Mumbai - 400 070 ', '01-APR', '2015-09-13 17:37:48', '0', ' ', 1),
	(383, 'Grace Gabriel Galsulkar', '', '26-MAY', '2015-09-13 17:37:48', ' ', ' ', 1),
	(384, 'Safai Gabriel Galsulkar', '', '09-JUN', '2015-09-13 17:37:48', ' ', ' ', 1),
	(385, 'Steve Gabriel Galsulkar', '', '02-JUL', '2015-09-13 17:37:48', ' ', ' ', 1),
	(386, 'Premanath M. Shetty', '"Ganesh Games", Shop No. 11 Muncipal Market, Hirachand Desai Marg Ghatkopar(W), Mumbai - 400 086', '06-JUL', '2015-09-13 17:37:48', ' ', ' ', 1),
	(387, 'Prakash Shetty (2)', 'Samson Safan road Sakinaka, Mumbai - 400 072', '12-MAY', '2015-09-13 17:37:48', ' ', ' ', 1),
	(388, 'Amulya ', 'D/o. N.B. Shetty "Anugriha" Sanoor, Karkala Taluk ', '28-MAR', '2015-09-13 17:37:48', '0', ' ', 1),
	(389, 'Shivaprasad Rao', 'Near Sri. Brahmalingeshwara Temple PO. Kanajar Karkala Taluk - 574 102 ', 'MKrSK', '2015-09-13 17:37:48', ' ', ' ', 1),
	(390, 'Aishwarya Bharath Shetty', 'Flat #1203,Tower #3, Orchid Residency\nNext to R City Mall, L.B.S Marg Ghatkoper(W)\nMumbai- 4000086\n ', '29-APR', '2015-09-13 17:37:48', ' 9870484752', ' ', 1),
	(391, 'Samiksha Suresh Shetty ', 'Flat No. 401, 4th Floor, \'A\' Wing Sindhu CHS Ltd. Lokgram, Kalyan (E) Maharastra ', '23-MAR', '2015-09-13 17:37:48', '0', ' ', 1),
	(392, 'Tanvi Jayaram Shetty ', 'F-26/3/4 Sector - 10 Sagar C. H. S. Ltd. Airoli Navi Mumbai - 400 708 ', '11-FEB', '2015-09-13 17:37:48', '0', ' ', 1),
	(393, 'Sumathi Shyam Shetty', '"Om Vishnu Building", Flat No. 17 II Floor, Vikram Nagar Kalwa(W), Thane - 400 605', '13-JUN', '2015-09-13 17:37:48', ' ', ' ', 1),
	(394, 'Shashikanth Shetty', 'Flat No. 5, "Devaki Building", Kamitkar Complex, Morarjee Mill Compound Solapur, Maharastra State', '09-JUL', '2015-09-13 17:37:48', ' ', ' ', 1),
	(395, 'Mohini P. Shenava', 'Shanthimugru House,  P.O. Kudmar, Belandoor Puttur - 574 201', '04-JUN', '2015-09-13 17:37:48', ' ', ' ', 1),
	(396, 'Jayaprakash K. Kotian', 'Dwaraka Apartments , Jaypali hill Flat No. 108/A , II Floor, IC Colony Borivili (West), Mumbai - 400 103', '12-MAY', '2015-09-13 17:37:48', ' ', ' ', 1),
	(397, 'Shishir Kumar Shetty ', '"Shailashri Nivas" P.O. Kanajar ', '30-MAR', '2015-09-13 17:37:48', '0', ' ', 1),
	(398, 'Suresh N. Shetty', '"Paradise Bar & Restaurent" Shop No. 387, Station Road Ulhas Nagar - 421 003 ', '5-OCT', '2015-09-13 17:37:48', ' ', ' ', 1),
	(399, 'Sheshappa Shetty ', '"Ashirvad", Vismitha Compound Karmbisthana, Jappina Mogaru Mangalore - 574 291 ', '08-JAN', '2015-09-13 17:37:48', '0', ' ', 1),
	(400, 'Balaram Manjithaya', '"Shri Nilaya" Jyothisha Karyalaya Maroli, Mangalore  ', 'KKrT/JST', '2015-09-13 17:37:48', ' ', ' ', 1),
	(401, ' Lalitha Hegde', 'Sullimane, Kalathur P.O. Santhekatte, Via Cherkady Udupi Taluk ', 'MShrT', '2015-09-13 17:37:48', ' ', ' ', 1),
	(403, 'Sagar Sakshi Hegde', 'C/o Sangeetha S. Shetty Kambla House, Marpalli,  P.O. Korangrapady, Udupi Taluk', '17-MAY', '2015-09-13 17:37:48', ' ', ' ', 1),
	(404, 'S Karunakara Shetty ', '******************************************************************', '14-JAN', '2015-09-13 17:37:48', '0', ' ', 1),
	(405, 'Shashikala S. Shetty', 'Dossa Building, "C" Block,  III Floor, R/56  Dongri, Mumbai - 400 009 ', '24-MAY', '2015-09-13 17:37:48', ' ', ' ', 1),
	(406, 'Ramprasad S. Rai', '"Ajay Apartments", 11th Floor, Flt No.114 16, Hansraj Lane, Byculla Mumbai - 400 027', '05-JUN', '2015-09-13 17:37:48', ' ', ' ', 1),
	(407, 'B.G. Shetty', '"Ayodya Apartments", I Floor Samata Colony, Osmanabad Maharastra - 413 501 ', '29-NOV', '2015-09-13 17:37:48', ' ', ' ', 1),
	(408, 'Asha B. Shetty', 'W/o. B.G.Shetty "Ayodhya Apartments" Ist Floor, Samta Colony, Osmanabad - 413 501 ', '19-APR', '2015-09-13 17:37:48', ' ', ' ', 1),
	(409, 'Abhishek B. Shetty ', 'S/o. B.G.Shetty "Ayodhya Apartments" Ist Floor, Samta Colony, Osmanabad - 413 501 ', '19-FEB', '2015-09-13 17:37:48', '0', ' ', 1),
	(410, 'Abhishri ', 'D/o. B.G.Shetty "Ayodhya Apartments" Ist Floor, Samta Colony, Osmanabad - 413 501 ', '15-MAR', '2015-09-13 17:37:48', '0', ' ', 1),
	(411, 'Sathish Acharya', '"Laxmi Jewellars" P.O. Kanajar ', '28-AUG', '2015-09-13 17:37:48', ' ', ' ', 1),
	(412, 'Diwakar Shetty (2)', 'No. 690, Ganesh Anugriha, 11th Cross Kempaiah Layout, Cholanayakanahalli RT Nagar, Bangalore - 560 032 ', '17-MAY', '2015-09-13 17:37:48', ' ', ' ', 1),
	(413, 'Seetha V. Shetty', 'Bottukare P. O. Pejavara, Kenjara Village Mangalore Taluk  ', '21-MAY', '2015-09-13 17:37:48', ' ', ' ', 1),
	(414, 'Shika ', 'No. 603, III Block, 16th B Main  Koramangala Bangalore - 560 034 ', '07-MAR', '2015-09-13 17:37:48', '0', ' ', 1),
	(415, 'Geetha R. Shetty ', '18/9, "Chitrakut" 5th Floor Flat No. 51 R. A. Kidwai Road, Wadala Mumbai - 400 031 ', '01-JAN', '2015-09-13 17:37:48', '0', ' ', 1),
	(416, 'Sudhakar. Hegde(2)', '9A,"Belar Apartments",  Opp: Syndicate Bank, Pali Hill Road Bandra (West), Mumbai - 400 072 ', '26-DEC', '2015-09-13 17:37:48', ' ', ' ', 1),
	(417, 'Rajeevi Prasanna Shetty', '"Munshir Estate", Surya Devasthana Post Shivapura, Koppa Taluk Chikkamagalore Dist.', '17-JUN', '2015-09-13 17:37:48', ' ', ' ', 1),
	(418, 'Yashoda S. Malli', 'Flat No.4306, "Anria Dwellington" Near: Sterling Apartment, Dollars Colony, RMV II Stage, Bangalore - 560 094', '11-MAR', '2015-09-13 17:37:48', '9845222289', '', 1),
	(419, 'Eknath B. Shetty', '"Jayashree Nivas", Near: Hotel Jayashree Badlapur Railway Station, P.O. Kulgaon  Ambernath, Thane Dist, Maharastra - 421 503 ', '09-AUG', '2015-09-13 17:37:48', ' ', ' ', 1),
	(420, 'Suhith M. Shetty ', '202 - B/ Ganapthi Vihar Arunashruthi C H S Ltd., Sri Krishna Nagar Borivili(E), Mumbai - 400 066 ', '28-FEB', '2015-09-13 17:37:48', '0', ' ', 1),
	(421, 'Ashit M. Shetty ', '202 - B/ Ganapthi Vihar Arunashruthi C H S Ltd., Sri Krishna Nagar Borivili(E), Mumbai - 400 066 ', '01-JAN', '2015-09-13 17:37:48', '0', ' ', 1),
	(423, 'Kushala J. Shetty', 'W/o. Jayarama Shetty Thombathu, Post: Hengavalli Kundapura Taluk', '13-MAY', '2015-09-13 17:37:48', ' ', ' ', 1),
	(424, 'D. V. Hegde', 'Thenkumane House P.O. Kanajar  ', '25-DEC', '2015-09-13 17:37:48', ' ', ' ', 1),
	(425, ' Kushala Hegde', 'Thenkumane House P.O. Kanajar  ', '26-DEC', '2015-09-13 17:37:48', ' ', ' ', 1),
	(426, 'Sumathi Shetty', 'Thenkumane House P.O. Kanajar  ', '27-DEC', '2015-09-13 17:37:48', ' ', ' ', 1),
	(427, ' Thyagaraja Shetty', 'Thenkumane House P.O. Kanajar  ', '28-DEC', '2015-09-13 17:37:48', ' ', ' ', 1),
	(428, 'Prithviraj Shetty', 'Thenkumane House P.O. Kanajar  ', '29-DEC', '2015-09-13 17:37:48', ' ', ' ', 1),
	(429, ' Mohini Shetty', 'Vittal Compound  Near: Fish Market Road Udupi  ', '30-DEC', '2015-09-13 17:37:48', ' ', ' ', 1),
	(430, 'Sujith Hegde', '"Yathiraj" Kandalke, Kowdoor P.O. Kanajar, Karkala Taluk ', '8-OCT', '2015-09-13 17:37:48', ' ', ' ', 1),
	(431, 'Swapnil S. Hegde', 'OASIS, 21/22 Ashwin Nagar Nagar - 422 009 ', '11-OCT', '2015-09-13 17:37:48', ' ', ' ', 1),
	(432, 'Rajesh Shetty ', '"Derebettu" P.O. Kanajar ', '02-FEB', '2015-09-13 17:37:48', '0', ' ', 1),
	(433, 'Roopashri Kuladeep  ', '"Shailashree Nilaya" P.O. Kanajar ', '30-JAN', '2015-09-13 17:37:48', '0', ' ', 1),
	(434, 'Latha Shubhakara Hegde ', '"Givindooru House", P.O. Yerlapady, Via: Bailur, Karkala Taluk - 574102', '04-JAN', '2015-09-13 17:37:48', '0', '', 1),
	(435, 'Venkappa Hegde', '# 53, I Cross, Chowdayya Block R.T. Nagar Bangalore - 560 032 ', '21-MAY', '2015-09-13 17:37:48', ' ', ' ', 1),
	(436, 'Mayur Shetty', '1004, Akruti Nova B Wing, Saiwadi, NS Phadke Road, Nr Gokhale Bridge, Andheri East, Mumbai 400069', '02-MAY', '2015-09-13 17:37:48', ' ', ' mahyur@gmail.com', 1),
	(437, 'Arundhathi H. Shetty', '3rd Floor, Phase II, Samada Giri "Sidda Chal" Building No. 8 Pawar Nagar, Thana -  ', '19-MAY', '2015-09-13 17:37:48', ' ', ' ', 1),
	(438, 'Narayana Poojary', 'Kanthana Majalu House P.O. Kanajar', '03-JUL', '2015-09-13 17:37:48', ' ', ' ', 1),
	(439, 'Sujatha S. Hegde', 'W/o. S. T. Hegde 2/30, Corner Chamber, Shivaji Park Room No. 5, Mahim, Mumbai', '04-JUL', '2015-09-13 17:37:48', ' ', ' ', 1),
	(440, 'Deviprasad Hegde', 'S/o. S. T. Hegde 2/30, Corner Chamber, Shivaji Park Room No. 5, Mahim, Mumbai ', '04-AUG', '2015-09-13 17:37:48', ' ', ' ', 1),
	(441, 'Prasanna S. Hegde', 'S/o. S. T. Hegde 2/30, Corner Chamber, Shivaji Park Room No. 5, Mahim, Mumbai ', '04-SEP', '2015-09-13 17:37:48', ' ', ' ', 1),
	(442, 'Sanchith Hegde ', 'S/o. Prof. S.N. Hegde "Vidvath" 2437, Near Canara Bank Vijayanagar II Stage, Mysore - 570 017 ', '26-FEB', '2015-09-13 17:37:48', '0', ' ', 1),
	(443, 'Sundar S. Poojary', 'Astik Dyestuff Pvt. Ltd. A/8, Viral Apartments, 50 S. V. Road Andheri(W), Mumbai - 400 058 ', '01-SEP', '2015-09-13 17:37:48', ' ', ' ', 1),
	(444, 'Pramoda Dayananda Shetty', 'Majur House P.O. Majur, Via: Kaup Udupi Distrct ', '13-DEC', '2015-09-13 17:37:48', ' ', ' ', 1),
	(445, 'Sandhya Santhosh Shetty ', 'Ujala Lodge, Dilima Street Dockyard Road Mumbai - 400 010 ', '12-JAN', '2015-09-13 17:37:48', '0', ' ', 1),
	(446, 'Shubhananda M. Shetty ', 'Excel House, 2nd Floor, Flat No 21 Sales Tax Office Mazgaon, Mumbai - 400 010 ', '01-JAN', '2015-09-13 17:37:48', '0', ' ', 1),
	(447, 'Karunakar N. Shetty ', 'R. No. 202, 2nd Floor, Om Gaganagiri Apts.  Azad Chawl, Kharigaon, Near: Busstand Kalwa, Thane, Maha', '01-JAN', '2015-09-13 17:37:48', '0', ' ', 1),
	(448, 'Myna Hegde, Nire ', 'Myna Sadana, Canara Bank P.O. Kalyanapura Udupi Taluk ', '21-FEB', '2015-09-13 17:37:48', '0', ' ', 1),
	(449, 'Leela Shetty(2)', '"Balavana" Kadeberke P.O. Kanajar - 574 102 ', '30-OCT', '2015-09-13 17:37:48', ' ', ' ', 1),
	(450, 'Lalitha Jagannatha Shetty(2)', '"Hotel Divyanjali", Ibrahim Ismail Chawk Deepak Talkies, M.M. Joshi Marg Mumbai - 400 013 ', '28-OCT', '2015-09-13 17:37:48', ' ', ' ', 1),
	(451, 'Himakar  Shetty', '', '19-SEP', '2015-09-13 17:37:48', ' ', ' ', 1),
	(452, 'B.K. Sadananda Rao', '"Narasimha Sadana" 11-3, Near: Bannanje Temple Udupi - 576 101 ', 'JShT/JST', '2015-09-13 17:37:48', ' ', ' ', 1),
	(453, 'Raviprakash Hegde', '54/1201, NRI Complex, Seawood Estates, Sector 54, 56, 58, Nerul West, Navi Mumbai 400 706', '09-MAY', '2015-09-13 17:37:48', '', 'raviprakashsshetty@gmail.com', 1),
	(454, 'Dinesh Shetty ', '"Manju Ragh",Near: Nethravathi Bridge Dharmasthala Belthangadi Taluk ', '01-FEB', '2015-09-13 17:37:48', '0', ' ', 1),
	(455, 'Pratham Shetty, C/o Vasanthi S', 'Garden View Building, I Floor, Flat No. 3 Opp: Ishwarbai Park, Vileparle (W) Mumbai - 400 056 ', '01-AUG', '2015-09-13 17:37:48', ' ', ' ', 1),
	(456, 'Jaya Prathap Shetty', 'Room No. 1, Building No. 1 "B" Wing "Ambika Nagar" Saraswat Colony Dombivili (E), Thane Dist - 421 201 ', '20-MAY', '2015-09-13 17:37:48', ' ', ' ', 1),
	(457, 'Deepa', 'A-6, "Mukthanand Co. Op. Housing Society Hall Road, Kurla(W) Mumbai - 400 070 ', '02-OCT', '2015-09-13 17:37:48', ' ', ' ', 1),
	(458, 'Rohith P. Shetty', 'A-6, "Mukthanand Co. Op. Housing Society Hall Road, Kurla(W) Mumbai - 400 070 ', '06-SEP', '2015-09-13 17:37:48', ' ', ' ', 1),
	(459, 'Dr. Dineshchandra Hegde', 'Post: Bailur Karkala Taluk - 574 102 ', '18-MAR', '2015-09-13 17:37:48', '0', ' ', 1),
	(460, 'Sandhya Santhosh Shetty(2)', '1, Shivapujan Shukla Chawl R.No.- 1, Kulkarnawadi, Shubhashnagar Asalpa Gkatkopar (w), Mumbai - 400 084 ', '4-NOV', '2015-09-13 17:37:48', ' ', ' ', 1),
	(461, 'Shivaji Shetty', '1/3, Masrani Mansion Halav Pool Hall Road, Kurla(W) Mumbai - 400 070 ', '25-MAY', '2015-09-13 17:37:48', ' ', ' ', 1),
	(462, 'Tanisha P. Shetty', 'Flat No 804, Valencia B wing, Hiranandani Gardens, Powai, Mumbai 400076 Maharahastra India', '5-DEC', '2015-09-13 17:37:48', '09967029444', 'prabhakarshetty@hotmail.com', 1),
	(463, 'Yashu Kumar Hegde', 'Bandasale House P.O. Bailur - 574 102 ', '26-AUG', '2015-09-13 17:37:48', ' ', ' ', 1),
	(464, 'Shrilatha Mahim Hegde', '"Shreema"  Udupi Taluk - 576 123', '17-MAY', '2015-09-13 17:37:48', ' ', ' ', 1),
	(465, 'Deepthi Mahabala Rai', '"Durgadaya House", Guthakadu Road Post: Kinnigoli Mangalore Taluk - 574 150 ', '03-MAY', '2015-09-13 17:37:48', ' ', ' ', 1),
	(466, 'Prakash Shetty', 'B/103, "Siddesh Apartment" Shukla Compound, Ashokvan Dahisar (East), Mumbai - 400 068 ', '30-APR', '2015-09-13 17:37:48', ' ', ' ', 1),
	(467, 'Leela Shetty', 'Kolakebail Kanajar', '23-JUN', '2015-09-13 17:37:48', ' ', ' ', 1),
	(468, 'Pamma Shetty', '"Mathrishree" P.O. Kanajar', '26-JUN', '2015-09-13 17:37:48', ' ', ' ', 1),
	(469, 'Anasuya', 'Berke House Kanajar-574102  ', '29-SEP', '2015-09-13 17:37:48', ' ', ' ', 1),
	(470, 'Satheesh S.', 'S. S. Associates, Auditor & Tax Consultants Shree Prabhu Ganesh Complex Kallianpur, Santhekatte - 576 105 ', '1-NOV', '2015-09-13 17:37:48', ' ', ' ', 1),
	(471, 'Dinesh Hegde(2)', 'Suprada Nilaya Kanajar - 574 102  ', '18-OCT', '2015-09-13 17:37:48', ' ', ' ', 1),
	(472, 'D M Mohan Alva', 'Managing Director and Chairman Alvas Education Trust ® Moodabidri Moodabidri ', '31-MAY', '2015-09-13 17:37:48', ' ', ' ', 1),
	(473, 'Amba Shetty', 'Keladevasya Kanajar - 574 102  ', '30-NOV', '2015-09-13 17:37:48', ' ', ' ', 1),
	(474, 'Santhosh Shetty ', '"Thara Nilaya" Keladevasya Kanajar - 574 102 ', '28-FEB', '2015-09-13 17:37:48', '0', ' ', 1),
	(475, 'Jayalakshmi R. Hegde ', 'Moodubettu, Padumane Katapadi Udupi Taluk ', '28-FEB', '2015-09-13 17:37:48', '0', ' ', 1),
	(476, 'Kalpana Deviprasad Hegde', '401, Sutlaj Vasant Housing Complex Mahavir Nagar, Kandivili (W) Mumbai - 400 067 ', '22-MAY', '2015-09-13 17:37:48', ' ', ' ', 1),
	(477, 'Puthu Nayak', 'Konkebail, Kanajar P.O. Guddeangady, Via: Hiriadaka Udupi Taluk - 576 113 ', '30-AUG', '2015-09-13 17:37:48', ' ', ' ', 1),
	(478, 'Theertha M. Shetty', 'Devashya House  Kanajar Post&Villg. Karkala T.Q Udupi-574102 ', '28-MAY', '2015-09-13 17:37:48', ' ', ' ', 1),
	(479, 'Minal J. Shetty', '4/33 Vijay Vilas Off.Ghodbunder Road  Behind Muchhala College Kavesar Thane-400615 ', '15-SEP', '2015-09-13 17:37:48', ' ', ' ', 1),
	(480, ' Vivekananda Hegde A.', 'Kanajar Patels House Kanajar - 574 102 ', '16-SEP', '2015-09-13 17:37:48', ' ', ' ', 1),
	(481, 'Seema Sainath Shetty ', 'B-306, "Mayur Tower" Military Road, Marol Andheri (E), Mumbai - 400 059 ', '30-JAN', '2015-09-13 17:37:48', '0', ' ', 1),
	(482, 'Mallika Suresh Shetty ', 'Flat No. 401, "A" Wing, SINDHU CHS LTD. Kalyan (E), Lokgram  Maharastra ', '23-JAN', '2015-09-13 17:37:48', '0', ' ', 1),
	(483, 'Rathnakar Achari ', 'Semeguri Kanajar - 574 102  ', '20-JAN', '2015-09-13 17:37:48', '0', ' ', 1),
	(484, 'Ravi Shankar Shetty ', 'Vikas Finlay Towers 72-B, Parel Tank Road Mumbai - 400 033 ', '10-JAN', '2015-09-13 17:37:48', '0', ' ', 1),
	(485, ' Shubhananda Shetty', 'Excell House II Floor, Opp: Sales Tax Office Mazgan, Mumbai - 400 010 ', '12-OCT', '2015-09-13 17:37:48', ' ', ' ', 1),
	(486, 'Sundar Shetty ', 'C-503, Mathoshree Park Uday Shree Nagar, Bandup (E) Mumbai - 400 078 ', '01-JAN', '2015-09-13 17:37:48', '0', ' ', 1),
	(487, 'Vanitha Shambhu Shetty', 'Mailbettu Mane Kanajar - 574 102', '27-JUN', '2015-09-13 17:37:48', ' ', ' ', 1),
	(488, 'Prakash Hegde(2)', 'C-301, Red Woods Swapna Nagar  Mumbai ', '30-SEP', '2015-09-13 17:37:48', ' ', ' ', 1),
	(489, ' Sudha Bharath Shetty', 'Flat #1203,Tower #3, Orchid Residency\nNext to R City Mall, L.B.S Marg Ghatkoper(W)\nMumbai- 4000086\n', '17-OCT', '2015-09-13 17:37:48', ' 09870484752', ' ', 1),
	(490, 'Bharath Shetty (2)', 'Flat #1203,Tower #3, Orchid Residency\nNext to R City Mall, L.B.S Marg Ghatkoper(W)\nMumbai- 4000086\n', '26-AUG', '2015-09-13 17:37:48', ' 09870484752', ' ', 1),
	(491, 'Swarnalatha R. Shetty', 'Postal Assistant PANAJI  GOA ', '29-APR', '2015-09-13 17:37:48', ' ', ' ', 1),
	(492, 'Mahabala A. Salian ', 'Flat No. 3 Gurukripa, CHS Ltd Mumbai ', '10-JAN', '2015-09-13 17:37:48', '0', ' ', 1),
	(493, 'Krishna V. Shetty', 'LOK EVEREST, B-3-801 G D Roadf, Mulund (W) Mumbai -  400 080', '11-MAY', '2015-09-13 17:37:48', ' ', ' ', 1),
	(494, 'M. V. Hegde', 'Chief Manager (Rtd.) Vijaya Bank #101, Galaxy Apartments, Azad Road Vile Parle (E), Mumbai - 400 057 ', '28-APR', '2015-09-13 17:37:48', ' ', ' ', 1),
	(495, 'Amitha Vishwanath Hegde', '#101, Galaxy Apartments, Azad Road Vile Parle (E), Mumbai - 400 057', '14-MAY', '2015-09-13 17:37:48', ' ', ' ', 1),
	(496, 'Narayana Shetty (Mailbettu)', 'Jaganath Apartment, I Floor Mahim Road, Palgar Thane Dist, Maharastra ', '31-MAY', '2015-09-13 17:37:48', ' ', ' ', 1),
	(497, 'Tanish Jayaram Shetty', '4/33 Vijay Vilas Off.Ghodbunder Road  Behind Muchhala College Kavesar Thane-400615 ', '19-OCT', '2015-09-13 17:37:48', ' ', ' ', 1),
	(498, 'Jayarama Shyama Shetty', '4/33 Vijay Vilas Off.Ghodbunder Road  Behind Muchhala College Kavesar Thane-400615', '15-JUN', '2015-09-13 17:37:48', ' ', ' ', 1),
	(499, 'Suresh Shyam Shetty ', '# 401 "A" Wing, Sindhu CHS Lokgram, Kalyan (E) Mumbai ', '16-FEB', '2015-09-13 17:37:48', '0', ' ', 1),
	(501, 'Harsha Manoj', 'D/o, Manoj Kumar GEM ENTERPRISES, Factory Road Transport House, Near: Telephone Exchange North Kalamacherry, Kerala State', '06-JUN', '2015-09-13 17:37:48', ' ', ' ', 1),
	(502, 'Satheesh Kumar Rai', '"Durgadaya House", Guthakadu Road Post: Kinnigoli Mangalore Taluk - 574 150', '22-JUL', '2015-09-13 17:37:48', ' ', ' ', 1),
	(503, 'Vivekananda Hegde', 'Badabettu House Uplady, Post: Bannady Udupi Taluk ', '28-AUG', '2015-09-13 17:37:48', ' ', ' ', 1),
	(504, 'Shobha Rai', 'Ramamajalu House Haleneranki Post and Village Puttur Taluk, Mangalore District ', '25-DEC', '2015-09-13 17:37:48', ' ', ' ', 1),
	(505, 'Shivaprasada V ', '"Shivaprasada V. & Associates" Chartered Accountants, No 549, I Floor 14th Main, 10th Cross, Padmana', '11-MAR', '2015-09-13 17:37:48', '9980025918', 'spvassociates@gmail.com', 1),
	(506, 'Sachin Shetty', '"Padu mane", Padu Anjar Post : Hiriadaka Udupi District - 576113 ', '02-NOV', '2015-09-13 17:37:48', ' ', ' ', 1),
	(507, 'Shobha Mohandas Nayak', '"Aradhana", Handadi Village Barkur Road, Brahmavar Udupi Taluk - 576 213 ', '02-MAY', '2015-09-13 17:37:48', ' ', ' ', 1),
	(508, 'Meghana S. Shetty ', 'Shetty Compound, Kadri Hill Bijai Post Mangalore - 4 ', '05-SEP', '2015-09-13 17:37:48', ' ', ' ', 1),
	(509, 'Rohith Shetty', '"Akruthi Nova", # B-702, Saiwadi Opp: Tetti Gully Andheri (E), Mumbai - 400 069', '04-MAY', '2015-09-13 17:37:48', ' ', ' ', 1),
	(510, 'Thara S. Shetty', 'Victoria Flat No. - 102 7th Cross, Domlur Layout Bangalore - 560 071 ', '03-MAY', '2015-09-13 17:37:48', ' ', ' ', 1),
	(511, 'Revathi W. Shetty ', '#10, Kil Bil Co-op Housing Society Govind Nagar, S N Road Mulund (W), Mumbai - 400 080 ', '19-MAY', '2015-09-13 17:37:48', ' ', ' ', 1),
	(512, 'Suraj Vijay Shetty', 'C-501, Silver Oaks, Vasanth Garden Near Swapna Nagar Mulund (W), Mumbai - 400 080', '08-JUL', '2015-09-13 17:37:48', ' ', ' ', 1),
	(513, 'Rekha Shrikanth Shetty', '"MAHIMA ROSE\'\' Appartment Flat No.201 Near kalburgi Distillaries  Jai Nagar  Vidya Nagar Hubli ', '24-MAY', '2015-09-13 17:37:48', ' ', ' ', 1),
	(514, 'Shwetha Shetty', '# 24, 5th Floor, Room No 504,  Shir Vir Building Sector No - 8, Kandivili (W), Mumbai ', '24-MAY', '2015-09-13 17:37:48', ' ', ' ', 1),
	(515, 'Ashwini Ajith Shetty (Devasya)', '#10,Aryan Tower, Flat #105,V.Nagenahalli \nMain Road,Guddadahalli,R.T. Nagar Post,\n B\'lore -32   \n', '29-NOV', '2015-09-13 17:37:48', ' 9740618224', ' asheoini.shetty@rediffmail.com', 1),
	(516, 'Aaryan M. Shetty (Yermal)', 'Bhyandar(w), Thane Dist. Mumbai - 401 101 21/05/154  Sri. Aaryan M. Shetty (Yermal) A/702, DAFFODILS, Whispering Meadows Ansal Properties, Near Model ', '22-MAY', '2015-09-13 17:37:48', ' ', ' ', 1),
	(517, 'K. S. Shetty', 'Durga Parameshwari Estate, Kalgur Vatigana Halli, Mudigere Chikkamagaluru ', '19-MAY', '2015-09-13 17:37:48', ' ', ' ', 1),
	(518, 'Kishore S. Hegde', '# 28, Shashi Niwas, III Floor Amruth Nagar Ghatkopar (W), Mumbai- 400 086 ', '5-OCT', '2015-09-13 17:37:48', ' ', ' ', 1),
	(519, 'Shashikanth S. Poonja', 'A-407, Shivai Co- op. Hsg Society Saibaba/Satya Nagar Borivili (W), Mumbai - 400 092 ', '20-OCT', '2015-09-13 17:37:48', ' ', ' ', 1),
	(520, 'Prakash L. Shetty', '# A/201, Supershav Building Near: Ambe Matha Temple Bhayandar (W), Thana Dist - 401 101', '23-JUN', '2015-09-13 17:37:48', ' ', ' ', 1),
	(521, 'Somappa Shetty', 'Sanna Mundabettu Guthu Kinni Kambala Post Mangalore Taluk', '11-JUL', '2015-09-13 17:37:48', ' ', ' ', 1),
	(523, 'Ramesh V. Shetty', '# 302, R & S Homes #14, Lewis Road Cockes Town, Bangalore - 560 005 ', '17-SEP', '2015-09-13 17:37:48', ' ', ' ', 1),
	(524, 'Lalitha Thimmappa Shetty', '31, Urmila Society, Neha Apartment Opp: Grahak Peth, Behind Navkar Building Gulab Nagar, Dhankawadi, Pune - 411043', '13-MAY', '2015-09-13 17:37:48', ' ', ' ', 1),
	(525, 'Ashoka Saritha Kadamba', '"Shree Hari Nivas", Doopadakatte Post : Nitte, Attur, Karkala Taluk Udupi District', '09-MAY', '2015-09-13 17:37:48', ' ', ' ', 1),
	(526, 'Venkatesh Shetty ', 'Blue Star Bar&Restaurent\nB.H Road \nShimoga\n', '20-FEB', '2015-09-13 17:37:48', '9243314417', ' shilarajvanas12@gmail.com', 1),
	(527, 'Udaya J Shetty', 'Building No. 5, R. No. 68 Kannambar Nagar - I , Vikroli (E) Mumbai - 400083 ', '10-DEC', '2015-09-13 17:37:48', ' ', ' ', 1),
	(528, 'Prasanna J. Shetty', 'Building No. 5, R. No. 68 Kannambar Nagar - I, Vikroli (E) Mumbai - 400 083 ', '29-SEP', '2015-09-13 17:37:48', ' ', ' ', 1),
	(529, 'Balakrishna Shetty ', 'Hotel "Eden Court", Eden Hill Opp: OM Super Market, Dhotra Chawls Model Colony, PUNE - 411016 ', '06-FEB', '2015-09-13 17:37:48', '0', ' ', 1),
	(530, 'Subhashchandra Shetty', 'Umasadana Kowdoor Bailur - 574 102 ', '8-DEC', '2015-09-13 17:37:48', ' ', ' ', 1),
	(531, 'Eknath Babu Shetty ', 'Jayashree Niwas, Near Jayashree Hotel Badlapur Rly Station (West), Kulgaon Taluk Ambernath Dist, Tha', '01-JAN', '2015-09-13 17:37:48', '0', ' ', 1),
	(532, 'Sujatha S. Shetty(2)', 'Mailbettu House Kanajar P.O. Kanajar  ', '27-DEC', '2015-09-13 17:37:48', ' ', ' ', 1),
	(533, 'Vittal Shetty (2)', '"Kelamoodubettu House",  P O. Kanajar Karkala Taluk - 574102', '10-JUL', '2015-09-13 17:37:48', ' ', ' ', 1),
	(534, 'Vasanthi V. Shetty', '"Kamala Niwas" Post Kanajar Karkala Taluk ', '02-AUG', '2015-09-13 17:37:48', ' ', ' ', 1),
	(535, 'Sarvani N. Shetty ', '"Shree Matha", Near: BMM School 76 Badagabettu Bailur, Udupi Taluk ', '01-JAN', '2015-09-13 17:37:48', '0', ' ', 1),
	(536, 'Sukeshini "V" Shetty', 'Pitrubhavan Room #8 2nd Floor Ganesh Chowak Baywadi   Thane - 400604 ', '08-SEP', '2015-09-13 17:37:48', ' ', ' ', 1),
	(537, 'Sadhana V Shetty ', '91/A, Room No. 4, Ground Floor Brindaban Society, Thane (W) Maharashtra - 400 601 ', '04-JAN', '2015-09-13 17:37:48', '0', ' ', 1),
	(538, ' Pawan .J. Shetty', 'Room#13 New Prem Baug Jawahar Nagar Khar(E) Mumbai - 59 ', '26-NOV', '2015-09-13 17:37:48', ' ', ' ', 1),
	(539, 'K.Dineshandra Hegde (2)', '212 Trinty Enclave Old Madras Road C.V Raman Nagar Bangalore-560093 ', '15-AUG', '2015-09-13 17:37:48', ' ', ' ', 1),
	(540, 'P.Shantharam N.Hegde ', 'Sukhasagar Co-opperative HSG  Soceity Builduing  #70, 7th Floor B Wing  Thilak Nagar Chemboor Mumbai', '08-MAR', '2015-09-13 17:37:48', '0', ' ', 1),
	(541, 'Sooryakanth M.Shetty', '#301, 3rd Floor "Shubha Sandesha Co-operative Housing Society Hansraj Lane, Byculla, Mumbai - 400 027', '24-JUN', '2015-09-13 17:37:48', ' ', ' ', 1),
	(542, 'Sukhananda P. Poojari', 'Jagannath Darshan,  #5,1st Floor Bandoop Village, M.D Keni Marg   Mumbai-400042  ', '4-DEC', '2015-09-13 17:37:48', ' ', ' ', 1),
	(543, ' Nidhi Alva', 'C/O Sudhakar Shetty P.B #14 Mudigere  Chikkamagalore Dist. ', '29-DEC', '2015-09-13 17:37:48', ' ', ' ', 1),
	(544, 'Rohan.R.Poojari', 'Bhuvaneshwari Society, #51 Colony Opp. Manpada Road Dombivili(E)', '22-JUN', '2015-09-13 17:37:48', ' ', ' ', 1),
	(546, 'Amani Shetty (2)', 'Yeliyal Mududugganabettu Krishna mani nivas Ranganapalke Post. ', '14-AUG', '2015-09-13 17:37:48', ' ', ' ', 1),
	(547, 'Ramesh. V. Shetty', '302, Rws Homes, 14 Lewis Road Cockes Town Bangalore - 560 005 ', '21-NOV', '2015-09-13 17:37:48', ' ', ' ', 1),
	(548, 'Lalita Mahandas Prabhu', '9, J sita Nivas, 2 Floor, Above Dr. Rao\'s Shrinivas Hospital,Pattcar Road Dombivili (E), Thane Dist - 421 201', '13-JUN', '2015-09-13 17:37:48', ' ', ' ', 1),
	(549, 'Mohith Shetty', 'Hotel Tifanys Green Basaveshwara Circle Raichur. ', '30-SEP', '2015-09-13 17:37:48', ' ', ' ', 1),
	(551, 'Nagarathna Ramanna Shetty ', 'Tandamundi Makkimane Post Theerthahalli Taluk - 577 415 ', '09-FEB', '2015-09-13 17:37:48', '0', ' ', 1),
	(552, 'Sameeksha Shetty', 'Building No. 93, Room No. - 2 Subashchandra CHS, Nethaji Nagar S G Barve Marg, Mumbai - 400 070 ', '19-MAY', '2015-09-13 17:37:48', ' ', ' ', 1),
	(553, 'Deviprasad Shetty (2)', 'Building No. 93, Room No. - 2 Subashchandra CHS, Nethaji Nagar S G Barve Marg, Mumbai - 400 070', '27-JUN', '2015-09-13 17:37:48', ' ', ' ', 1),
	(554, 'Naveenchandra Shetty', 'Shree Benaka, Kedla Bail, Kannar Cherkadi Post & Village Udupi - 576215', '06-MAY', '2015-09-13 17:37:48', ' ', ' ', 1),
	(555, 'Sudhakar Shetty (2)', 'Shree Durgaparameshwari Estate Wateganahalli, Moodigere Post Chikkamagalooru District ', '15-AUG', '2015-09-13 17:37:48', ' ', ' ', 1),
	(556, ' Leelavathi Krishna Shetty', '"Krishlee Sadana" Kudi Village & Post Udupi - 576 113 ', '24-OCT', '2015-09-13 17:37:48', ' ', ' ', 1),
	(557, 'Shloka Shashikantha Shetty', 'Flat No 5, Devaki Apartments,  Kamitkar Complex, 46/2 Morarji Peth Sholapura - ', '19-DEC', '2015-09-13 17:37:48', ' ', ' ', 1),
	(558, 'Sanika Shashikantha Shetty ', 'Flat No 5, Devaki Apartments,  Kamitkar Complex, 46/2 Morarji Peth Sholapura - ', '04-MAR', '2015-09-13 17:37:48', '0', ' ', 1),
	(559, 'Sujatha Shashikantha Shetty', 'Flat No 5, Devaki Apartments,  Kamitkar Complex, 46/2 Morarji Peth Sholapura - ', '11-NOV', '2015-09-13 17:37:48', ' ', ' ', 1),
	(560, 'Sudha Bharath Shetty', 'Flat #1203,Tower #3, Orchid Residency\nNext to R City Mall, L.B.S Marg Ghatkoper(W)\nMumbai- 4000086\n', '10-JUN', '2015-09-13 17:37:48', ' 09870484752', ' ', 1),
	(561, 'Manohara', '"Makara Jyothi House" Kawdoor Village, Post Bailoor Karkala Taluk - 574102', '26-JUN', '2015-09-13 17:37:48', ' ', ' ', 1),
	(562, 'Ashok Hegde', '54/1201, Seawoods Estate, NRI Complex, Sector 54, 56, 58, Nerul West, Navi Mumbai 400 706', '04-MAY', '2015-09-13 17:37:48', ' ', ' ', 1),
	(563, 'Sudhir Sonia Bhandary', 'Devera Bettu Kanajar Post 574102', '18-MAY', '2015-09-13 17:37:48', ' ', ' ', 1),
	(564, 'Dayananda Shetty ', 'Door No 8, Shambavi Complex Bhuvaneshwar Nagar Keshawapur Hubli ', '24-FEB', '2015-09-13 17:37:48', '0', ' ', 1),
	(565, 'Sungauss Traders', 'G - 602, Maheshwari Nagar, Kondivitta Village MIDC Area, Andheri (East) Mumbai - 400 093 ', '3-NOV', '2015-09-13 17:37:48', ' ', ' ', 1),
	(566, 'Manjula Poornesh Shetty', 'Harebailu, Kadumallige Post Theerthahalli Taluk Shivamogga District ', '13-APR', '2015-09-13 17:37:48', ' ', ' ', 1),
	(567, 'Parth R. Shetty ', 'C/o. Rathnakar Hegde Baggaraguthu, Inna Post, Karkala Taluk Udupi - 576 146 ', '04-FEB', '2015-09-13 17:37:48', '0', ' ', 1),
	(568, 'Suman S. Shetty', 'C- 301, Redwoods Vasanth Garden Near Swapna Nagar, Mumbai (W) Mumbai - 400 080 ', '30-SEP', '2015-09-13 17:37:48', ' ', ' ', 1),
	(569, 'Deepa Satheesh Rai', '# 549, II Floor 14th Main, 10th Cross, Padmanabhanagar Bangalore - 560 070 ', '15-APR', '2015-09-13 17:37:48', ' ', ' ', 1),
	(570, 'Vishal V. Hegde ', '"VISHNU", No. 5/252/E II Main, Vibhudapriya Nagar Post: Kunjibettu, Udupi - 576102 ', '01-MAR', '2015-09-13 17:37:48', '0', ' ', 1),
	(571, 'Vishaka V. Hegde', '"VISHNU", No. 5/252/E II Main, Vibhudapriya Nagar Post: Kunjibettu, Udupi - 576102 ', '19-OCT', '2015-09-13 17:37:48', ' ', ' ', 1),
	(572, 'Dheeraj R. Hegde', '"VISHNU", No. 5/252/E II Main, Vibhudapriya Nagar Post: Kunjibettu, Udupi - 576102 ', '21-APR', '2015-09-13 17:37:48', ' ', ' ', 1),
	(573, 'Ramesh S. Poojary', 'Prince Palace, \'B\' Building, No. 10 Nandanavan Colony, Krishna Bazar Chowk New Sangli, Pune - 27', '07-JUL', '2015-09-13 17:37:48', ' ', ' ', 1),
	(574, 'Sandeep Hegde', 'Sannidhi Medicals,  Post Padubidri Udupi Taluk - 574 111 ', '17-APR', '2015-09-13 17:37:48', ' ', ' ', 1),
	(575, 'Shrinivas Bhat', 'Vijaya Bank, Sooda Branch Sooda - 576217  ', '11-OCT', '2015-09-13 17:37:48', ' ', ' ', 1),
	(576, 'Y. Sathishchandra Hegde(3)', 'Mudelkadi House Andar, Via : Ajekar Karkala Taluk ', '27-NOV', '2015-09-13 17:37:48', ' ', ' ', 1),
	(577, 'Goutham Shetty', '"Om Sai" Bhrama Guttu Karkala ', '7-DEC', '2015-09-13 17:37:48', ' ', ' ', 1),
	(578, 'Surendra Hegde ', 'Asst. Gen. Manager, Vijaya Bank, No. 241 II Stage, III "C" Cross Road, West of Chord Road Basaveshva', '11-JAN', '2015-09-13 17:37:48', '0', ' ', 1),
	(579, 'K. Jagajeevana Hegde', 'General Manager, Vijaya Bank "Kalyani Sadana", Kukkehalli Beedu Via: Perdoor, Udupi ', '07-AUG', '2015-09-13 17:37:48', ' ', ' ', 1),
	(580, ' K. Raviraj Hegde', 'Assistant General Manager, Vijaya Bank Head Office, Corporate Banking Branch 41/2, M G Road, Bangalore - 560 001 ', '10-AUG', '2015-09-13 17:37:48', ' ', ' ', 1),
	(581, 'Vinaya Bhushan Hegde', '"Janani" Jagannath Nagar 76 Badagabettu, Korangrapady Udupi', '01-JUL', '2015-09-13 17:37:48', ' ', ' ', 1),
	(582, 'Vatsala Dayanand Shetty ', '"Manjushree", Ankadakatte Koteshwara,  Kundapura ', '14-FEB', '2015-09-13 17:37:48', '0', ' ', 1),
	(583, 'Karunakara Shetty (2)', 'Sankady House Post : Kenjooru Udupi Taluk - 576 234 ', '06-FEB', '2015-09-13 17:37:48', ' ', ' ', 1),
	(585, 'Vishwas G. Shetty', '1/5, Green Field St. Anthony Road, Near Uttam Society Chembur (E), Mumbai - 400 071', '06-MAY', '2015-09-13 17:37:48', ' ', ' ', 1),
	(586, ' Sudhakar Shetty', '"Park View" 102, I Floor Adarsha Colony, Thane (E) - 400 603 ', '28-NOV', '2015-09-13 17:37:48', ' ', ' ', 1),
	(587, 'Nahush R Shetty', 'S/o. Ravish Shetty Hosamane, Pilar, Post: Halasinakatte Mudarangadi, Udupi ', '22-NOV', '2015-09-13 17:37:48', ' ', ' ', 1),
	(588, 'Shivaprasad Shetty', 'K S R T C Canteen Hulkoti Gadag Taluk and District ', '24-MAY', '2015-09-13 17:37:48', ' ', ' ', 1),
	(589, 'Armugam Reddy', 'B1 Stroke 42, Mahaveer Nagar Co. Op. Society Maan Pada Road Dombivili (E), Mumbai - 421 201', '13-JUN', '2015-09-13 17:37:48', ' ', ' ', 1),
	(590, 'Raghunatha Nayak', '# 213, Sadashanthi Complex Opp: Ramdev Hotel, Nehru Nagar Belgaum - 15 ', '22-OCT', '2015-09-13 17:37:48', ' ', ' ', 1),
	(591, 'Shubhananda M. Shetty(2)', 'Excel House, 2nd Floor, Flat No 21 Sales Tax Office Mazgaon, Mumbai - 400 010 ', '22-NOV', '2015-09-13 17:37:48', ' ', ' ', 1),
	(592, 'Mohalata J. Shetty', 'A/702, DAFFODILS, Whispering Meadows Ansal Properties, Near Model Town Mulund (W), - 400080 ', '21-SEP', '2015-09-13 17:37:48', ' ', ' ', 1),
	(593, ' Paddakka Heggadthi', 'Mailbettu Mane P.O. Kanajar  ', '8-DEC', '2015-09-13 17:37:48', ' ', ' ', 1),
	(594, 'Lingamma Heggadthi', 'Mailbettu Mane P.O. Kanajar  ', '14-DEC', '2015-09-13 17:37:48', ' ', ' ', 1),
	(595, 'Siddanth S. Hegde ', '7510, Arthors Road,  TOPEKA KANVAS, USA ', '24-mar', '2015-09-13 17:37:48', '0', ' ', 1),
	(596, 'Siddarth E Shetty', '140, Godley Road, GreenBay AUCKLAND NEWZELAND', '05-MAY', '2015-09-13 17:37:48', ' ', ' ', 1),
	(597, 'Dayananda Poojary', 'Kanthanajalu P.O. Kanajar - 574 102 ', '29-APR', '2015-09-13 17:37:48', ' ', ' ', 1),
	(598, 'Pramila Pundalika Nayak ', 'B-28, Nilesh Bhavan, Gograswadi Gate Dombivili (E) Mumbai - 421201 ', '03-JAN', '2015-09-13 17:37:48', '0', ' ', 1),
	(599, 'Prajwala Pundalika Nayak(2)', 'B-28, Nilesh Bhavan, Gograswadi Gate Dombivili (E) Mumbai - 421201 ', '01-DEC', '2015-09-13 17:37:48', ' ', ' ', 1),
	(600, 'Preetam Pundalika Nayak', 'B-28, Nilesh Bhavan, Gograswadi Gate Dombivili (E) Mumbai - 421201', '02-JUL', '2015-09-13 17:37:48', ' ', ' ', 1),
	(602, 'Praveen Baba Maben', 'Kalyan Nivas P.O. Kanajar  ', '11-DEC', '2015-09-13 17:37:48', ' ', ' ', 1),
	(604, 'Poornima J. Shetty', '"Vignesh" Near Ambika Farm Village Handady Barkoor Road Brahmavar, Udupi ', '21-APR', '2015-09-13 17:37:48', ' ', ' ', 1),
	(605, 'Yashoda "N" Shetty', '"GANESH ANUGRAHA" Maarali Mane, Post Nalkoor Udupi T.Q ', '21-APR', '2015-09-13 17:37:48', ' ', ' ', 1),
	(606, 'Jagadish Sanjeeva Hegde', 'A - 502, Jahnavi Apartment,Lower Kharadi Behind Abhyudaya Bank. Off : Marve Road,Malad (W) Mumbai - 400 095 ', '28-AUG', '2015-09-13 17:37:48', ' ', ' ', 1),
	(607, 'Rishish Alva', 'c/o Prakash Shetty Kesagodu Estate , Kesagodu Post Balur T.Q , Hassan Dist. ', '25-MAY', '2015-09-13 17:37:48', ' ', ' ', 1),
	(608, 'Santhosh Shetty (2)', 'Paduthota House Chitrapu Post  Mulky Mangalore', '05-MAY', '2015-09-13 17:37:48', ' ', ' ', 1),
	(651, 'Lalitha Shetty', 'Keladevashya Kanajar Post&Villg. Karkala T.Q Udupi-574102 ', '03-AUG', '2015-09-13 17:37:48', ' ', ' ', 1),
	(652, 'Dr. M. Raviraj Shetty', '"HITHA" Ayurvedics Market Road Karkal T.Q Udupi-574104 ', '5-NOV', '2015-09-13 17:37:48', ' ', ' ', 1),
	(653, 'Amitash Hegde', 'D-204 Raunak Tower,Raunak Park #2 Pokhran Road  Thane(W)-400606 ', '25-DEC', '2015-09-13 17:37:48', ' ', ' ', 1),
	(654, 'Lalitha Jagannatha Shetty ', 'Building No.5,Block No.68 Kannambar Nagar-1 Vikroli(E) Mumbai-83 ', '14-FEB', '2015-09-13 17:37:48', '0', ' ', 1),
	(655, 'Bhagwan K Patil', 'Vishal Engineering Contractor Shop #15 sector 4E Janatha Market Kalamboli Opp.Supriya Bar Navi Mumbai', '02-JUN', '2015-09-13 17:37:48', ' ', ' ', 1),
	(656, 'Aravind ."A"', '#30 Sargam Ist Main, 7th Cross Pampa Extn. Hebbal, Kempapura Bangalore-560024 ', '9-NOV', '2015-09-13 17:37:48', ' ', ' ', 1),
	(657, 'Kunal Prakash hegde ', 'A-7,501 Siddarth Nagar OPP.Bhor Factory,Western Express Highway Bhorivili(E) Mumbai-66 ', '11-FEB', '2015-09-13 17:37:48', '0', ' ', 1),
	(658, 'Divith Shetty', 'Govindottu House Kanajar Post&Villg. Karkala TQ Udupi-574102 ', '28-SEP', '2015-09-13 17:37:48', ' ', ' ', 1),
	(659, 'Anmol .S.Shetty ', 'Patels House  Kadekar Post&Villg. Udupi T.Q&Dist. ', '31-AUG', '2015-09-13 17:37:48', ' ', ' ', 1),
	(660, 'Prema Baskara Shetty', 'Kawdoor Doddamane Bailoor Post Karkala T.Q ', '24-MAY', '2015-09-13 17:37:48', ' ', ' ', 1),
	(661, 'Y. Sathishchandra Hegde(2)', '"Mudelkadi" House Post Andar Karkal T.Q Udupi-574101 ', '27-NOV', '2015-09-13 17:37:48', ' ', ' ', 1),
	(662, 'Smt. Rajeevi Hegde', '#185 2nd Cross,14th Main Banashankari 1st Stage, Hanumanthanagar Bangalore-50 ', '17-NOV', '2015-09-13 17:37:48', ' ', ' ', 1),
	(663, 'Yashaprabha Sudarshan Hegde', '403-Amizarna Apts, Film City Road Opp: Maharaja Tower, Gokuldam,Kaniya Pada Goregaon(E) Munbai-67', '06-JUN', '2015-09-13 17:37:48', ' ', ' ', 1),
	(664, 'Sharan Sudarshan Hegde (2)', '403-Amizarna Apts, Film City Road Opp: Maharaja Tower, Gokuldam,Kaniya Pada Goregaon(E) Munbai-67', '18-JUN', '2015-09-13 17:37:48', ' ', ' ', 1),
	(665, 'Sharan Sudarshan Hegde ', '403-Amizarna Apts Gokulam,Kumbarpada Goregaon(E) Munbai-67 ', '30-MAR', '2015-09-13 17:37:48', '0', ' ', 1),
	(666, 'Vinoda Ashok Shetty ', '4-Kaveri Hall Road Kurla(W) Mumbai-400070 ', '27-FEB', '2015-09-13 17:37:48', '0', ' ', 1),
	(667, 'Raju Poojary', 'Honiyalu "Devikripa", Kanajar P.O & Villg. , Karkala T.Q  Udupi', '17-NOV', '2015-09-13 17:37:48', ' ', ' ', 1),
	(668, 'Vinoda .R. Shetty', 'Kadekar Patels House Kadekar P.O Udupi T.Q&Dist ', '26-DEC', '2015-09-13 17:37:48', ' ', ' ', 1),
	(669, 'Mugdha B Shetty ', '"Lok Prabhat", B1 - Room # 201 BOLINJNAKA Ajashi - Road Visar (W) Thane - 401303 ', '19-FEB', '2015-09-13 17:37:48', '0', ' ', 1),
	(670, 'Usha J. Shetty', '13/306 New Prembaug Building Near Pipeline Jawahar Nagar Khar(E) Mumbai- 400051 ', '29-MAY', '2015-09-13 17:37:48', ' ', ' ', 1),
	(671, 'Ashwini J.Shetty', '13/306 New Prembaug Building Near Pipeline Jawahar Nagar Khar(E) Mumbai- 400051 ', '01-AUG', '2015-09-13 17:37:48', ' ', ' ', 1),
	(672, 'Vishwanath.Hegde', 'Chief Manager(RTD) Vijaya Bank 101-Galaxy Apprtement Azad Road  Ville Parle(E) Mumbai 400057 ', '30-OCT', '2015-09-13 17:37:48', ' ', ' ', 1),
	(673, 'Baby "Stuthi" Manai', 'D/O Prasad Manai, Mayyala House Sajipa Padu Post Bantwal T.Q ', '08-MAR', '2015-09-13 17:37:48', '0', ' ', 1),
	(674, 'Rohan Bhandary , S/O M.S. Bhan', 'Yermal Hosamane   "BADA"Post\nYermal "BADA"  Udupi Taluk\nUdupi -574 119\n', '28-AUG', '2015-09-13 17:37:48', ' ', ' ', 1),
	(675, 'Seema . M . Bhandary', 'D/O M.S. Bandary Yermal Hosamane   "BADA"Post\nYermal "BADA"  Udupi Taluk Udupi -574 119\n\n', '04-MAY', '2015-09-13 17:37:48', ' ', ' ', 1),
	(676, 'Raghoo M Shetty', 'Central Railway Colony RB II 264/06 , J.B. Marg Mumbai - 12 ', '22-APR', '2015-09-13 17:37:48', ' ', ' ', 1),
	(677, 'Suryakanth G Malve', '30/14 Tambakhuwala Chaevl Opp : Prakash Cotton Mills S.N.Path , Worli Mumbai - 13', '12-MAY', '2015-09-13 17:37:48', '09820007454', '', 1),
	(678, 'Mythili Sathish Rai', 'No. 549, 2nd Floor 10th Cross, 14th Main Padmanabahanagar, Banagalore - 560070 ', '18-SEP', '2015-09-13 17:37:48', ' ', ' ', 1),
	(679, 'Premavathi Heggadthi ', 'Doddamane Kanajar Karkala Tq Udupi-574102', '17-NOV', '2015-09-13 17:37:48', ' ', ' ', 1),
	(680, 'Sadhu B Shetty', 'VAISHALI RESTAURENT 1215/1 fc Road Pune - 411 004 ', '31-JAN', '2015-09-13 17:37:48', ' 08698808774', ' ', 1),
	(681, 'K. Raghavendra Shetty', 'No. 230/16, "GOWRI", 2nd Cross Gopal Reddy Layout, Arekere Bangalore - 560 076 ', '13-NOV', '2015-09-13 17:37:48', ' 9900214030', ' cakatkereraghu@gmail.com', 1),
	(751, 'Suman "S" Shetty', 'C-301 Redwood  Vasanth Garden, Near Swapna Nagari Mulund(W) Mumbai-400080 ', '31-DEC', '2015-09-13 17:37:48', ' ', ' ', 1),
	(752, 'Smitha Shetty ', 'C/O Sheshappa Shetty "Ashirvada" Karnilstan, Jappinamogaru  Mangalore-575009 ', '17-NOV', '2015-09-13 17:37:48', ' ', ' ', 1),
	(753, 'Y. Sathishchandra Hegde(4)', 'Mudelkadi House Andar, Via : Ajekar Karkala Taluk ', '27-NOV', '2015-09-13 17:37:48', ' ', ' ', 1),
	(754, 'Bharath Shetty', 'Gala #3 Opp. Apna Bazar, Near Patnagar Post Office, Ghatkopar Mumbai-400075 ', '16-APR', '2015-09-13 17:37:48', ' ', ' ', 1),
	(755, 'Shamitha Suresh Shetty', 'Shop #401 "A" Wing Sindhu CHS. LTD. Lokagram Kalyan(E)', '15-JUL', '2015-09-13 17:37:48', ' ', ' ', 1),
	(756, 'Sathish B. Devadiga', 'Sonkar Residency 4th Floor, Flat No 14, Kharalwadi, Pimpri Pune-411018 ', '26-MAY', '2015-09-13 17:37:48', '09923736099', '', 1),
	(757, 'Chikki Boja Devadiga', 'Belvai Matt House, Near Belvai Church Post Belvai Karkala T.Q Udupi-574213 ', '23-DEC', '2015-09-13 17:37:48', ' ', ' ', 1),
	(758, 'Prakash Hegde', 'Sun Moon Co.Opp Society, Ground Floor Room #002, Sawalpada, Borivili (E) Mumbai-400066 ', '28-APR', '2015-09-13 17:37:48', ' ', ' ', 1),
	(759, '"BRAHMALINGESHWARA" Industries', 'Bailoor, Post Kanajar Karkala T.Q Udupi-574102  ', '26-SEP', '2015-09-13 17:37:48', ' ', ' ', 1),
	(760, 'Veerendra Shetty', 'Ajith Complex, Aayappa Stand Near Auto Stand Bangalore-36 ', '26-OCT', '2015-09-13 17:37:48', ' ', ' ', 1),
	(761, 'Ravi S. Shetty ', '72 B VIKAS FINLEY TOWERS Parel Tank Road Mumbai - 400033 ', '10-JAN', '2015-09-13 17:37:48', '0', ' ', 1),
	(762, 'Neetha R. Shetty ', '72 B VIKAS FINLEY TOWERS Parel Tank Road Mumbai - 400033 ', '10-JAN', '2015-09-13 17:37:48', '0', ' ', 1),
	(763, 'Shubhananda M Shetty ', 'Excel House, 2nd Floor Flat No. 2, Opp: Sales Tax Office Mazgaon, Mumbai - 400 010 ', '10-JAN', '2015-09-13 17:37:48', '0', ' ', 1),
	(765, 'Latha Ganapathi ', '"Preetham" Heratta Kolkebail, Kanajar Post Karkala T.Q-574102 ', '06-MAR', '2015-09-13 17:37:48', '0', ' ', 1),
	(766, 'M K Kini ', 'Sri. Mahalasa House No. 50 2nd Cross, Achuta Nagar, Parkala, Via-Herga Udupi District  ', '10-FEB', '2015-09-13 17:37:48', '0', ' ', 1),
	(767, 'Karan R. Shetty', 'Nikethan Villa Banglow No-2, Dunetha - Nani  Daman - 396 210 (U T)', '01-JAN', '2015-09-13 17:37:48', '09979766555', ' ', 1),
	(768, 'Shourya. Rai', 'C/O Ramachandra Hegde "Sri Ram" Hayagreeva Nagar 3rd Road, Indrali, Udupi ', '28-SEP', '2015-09-13 17:37:48', ' ', ' ', 1),
	(769, 'Reshma Poojari ', 'D/O Udaya Kumar Badagabettu-80, Post Parkala Udupi ', '06-MAR', '2015-09-13 17:37:48', '0', ' ', 1),
	(770, 'Kamala Devadiga ', 'Near Brahamalingeshwara Temple Kanajar Post&Village Karkala T.Q, Udupi ', '31-MAR', '2015-09-13 17:37:48', '09867640896', 'gangadar.d@gmail.com', 1),
	(771, 'Sanjeevi Sundhar Shetty', 'Hotel "MADHURA" House #503 Ward #06, Mangalwar Peth, Ichalkaranji Kollahpur Dist  Maharashtra - 416115 ', '27-APR', '2015-09-13 17:37:48', ' ', ' ', 1),
	(772, 'Mahesh Poojari', 'Mathrikrpa Kepul post : Kanajar - 574 102 ', '26-APR', '2015-09-13 17:37:48', ' ', ' ', 1),
	(773, 'Indira Ravi Shetty', 'Manjunatha Kripa Kepul Post : Kanajar Karkala ', '28-NOV', '2015-09-13 17:37:48', ' ', ' ', 1),
	(774, 'Sandeep Pojary', 'Laxmi Kripa Building 2nd Floor, No. 6 , sr.no: 79 Samartha Nagar New Sangwi. Pune - 27 ', '7-OCT', '2015-09-13 17:37:48', ' ', ' ', 1),
	(775, 'Jayaram / Minal Shetty', '4/33 , " Vijay Vilas" Ghobunder Road  Behind Muchchala College Kavesar Thane - 400 615', '08-MAY', '2015-09-13 17:37:48', ' ', ' ', 1),
	(776, 'Mallika Suresh Shetty (2)', 'Flat No. 401. "a" Wng SINDHU CHS LTD ICALYDN (B) Lolcgram Maharastra - 421 306 ', '25-AUG', '2015-09-13 17:37:48', ' ', ' ', 1),
	(778, 'Sathish M Shetty ', '401 - 4th Floor Monish Appartment Opp : Vardhaman School Kran Nagar No. 3 Thane (w) ', '30-APR', '2015-09-13 17:37:48', ' ', ' ', 1),
	(779, 'DR. Y. Sathishchandra Hegde', '" MUDELKADI" House Andar  Karkala  ', '27-NOV', '2015-09-13 17:37:48', ' ', ' ', 1),
	(780, 'Ganesh Kulal', '" GUNDYADKADATTU" Darkasu Attur (N) Post - Nitte ', '17-NOV', '2015-09-13 17:37:48', ' ', ' ', 1),
	(781, 'Latha Subhash Shetty  ', 'Lolakshi Nilaya kanajar 574102', '18-MAY', '2015-09-13 17:37:48', ' ', ' ', 1),
	(783, 'Meena lakshani Adyanthaya', '" MUMMY & ME " Court Road Udupi - 576 101 ', '20-FEB', '2015-09-13 17:37:48', ' ', ' ', 1),
	(784, 'Rahul Sheshan Adyanthaya', '" Mummy & Me " Court Road Udupi - 576 101 ', '16-AUG', '2015-09-13 17:37:48', ' ', ' ', 1),
	(785, 'Rhea Sushara Adyanthaya', '" Mummy & Me " Court Road Udupi - 576 101', '15-JUL', '2015-09-13 17:37:48', ' ', ' ', 1),
	(786, 'Saharsh Melanta', '# 101 ADTHYA HOMES\nBehind Kadri Police Station,Kadri Hills\nPost Bejai Mangalore - 575 004\n', '13-NOV', '2015-09-13 17:37:48', '9845353788', ' ', 1),
	(787, 'Sachka Shetty', '1036 - SADVICHE Rajajinagar 8th Block, West Of Chord Road Next To Girias, Bangalore ', '21-OCT', '2015-09-13 17:37:48', ' ', ' ', 1),
	(788, 'Reshma Poojarthi', 'D/O Udaya Kumar Badagabettu -80 Post - Parisala ', '07-SEP', '2015-09-13 17:37:48', ' ', ' ', 1),
	(790, 'Uday Shetty', '"Anshul Caterers" PYC Hindu Gymkhana,766 Shivajinagar Bhandarkar pune-411004', '11-MAY', '2015-09-13 17:37:48', ' 25663009', ' ', 1),
	(791, 'Prasad Hegde', 'Hulmane Estate Sangameshwar Peth Chikkamangalore-577136', '10-MAY', '2015-09-13 17:37:48', ' ', ' ', 1),
	(792, 'Sathwik Hegde', '"Thirumala Rejent" Park Hosabettu Post Surathkal, Mangalore', '01-SEP', '2015-09-13 17:37:48', ' ', ' ', 1),
	(793, 'Adithya', 'Yermal Hosamane Post Yermal Bada Udupi-574119', '07-SEP', '2015-09-13 17:37:48', ' ', ' ', 1),
	(795, 'Subhas Shetty', 'Barpani House Kanajar Poat/ Village Karkala TQ., Udupi-574102', '18-FEB', '2015-09-13 17:37:48', ' ', ' ', 1),
	(796, 'Sundari Sadu Poojary', '"Medhac 403, Shankar NNP Plot No.20, Filmeity Road ,Goregoan(E) Mumbai-65', '28-FEB', '2015-09-13 17:37:48', ' ', ' ', 1),
	(797, 'Raghava M Shetty', 'Central Railway Quatras R.B-2, No 264/6 Parel Mumbai-12', '08-MAY', '2015-09-13 17:37:48', ' ', ' ', 1),
	(798, 'Prathap Poojary', '"Blue Bird" Bar & Restaurent Rastha Peth 508 Near Applo Theator, Pune-11 ,Pimpri-411001', '11-MAR', '2015-09-13 17:37:48', ' 09665151018', ' ', 1),
	(799, 'Y. Sathishchandra Hegde(5)', 'Mudelkadi House Andar, Via : Ajekar Karkala Taluk', '27-NOV', '2015-09-13 17:37:48', ' ', ' ', 1),
	(800, 'Dinesh Poojary', 'Laxmi Krupa Bldg,2nd Floor,Flat #.6 SR No-79,Samarth Nagar Near Karwar Samaj Hall, New Sangwi, Pune-27', '19-MAY', '2015-09-13 17:37:48', ' ', ' ', 1),
	(801, 'Sooryakanth Mahabala Shetty (3', '#301, 3rd Floor "Shubha Sandesha Co-operative Housing Society Hansraj Lane, Byculla, Mumbai - 400 027', '23-JUN', '2015-09-13 17:37:48', ' ', ' ', 1),
	(802, 'Gulabi R.Shetty', 'Karegudda Mane Koila Village&Post Puttur Tq Mangalore-574288', '29-APR', '2015-09-13 17:37:48', ' ', ' ', 1),
	(803, 'Gangadhar T. Shetty', 'M/S Srinidhi Rubber Pvt. Ltd. Vasai Road(E) Navaghar Road Thane-4012210', '01-SEP', '2015-09-13 17:37:48', ' 0250 2391392', ' ', 1),
	(804, 'Dr.Sharada Shetty', '#332 Sathana College Road P.T Extension, Davangere Karnataka', '06-FEB', '2015-09-13 17:37:48', ' ', ' ', 1),
	(805, 'Ashok Shankar Hegde', '#332 Sathana College Road P.T Extension, Davangere Karnataka', '05-FEB', '2015-09-13 17:37:48', ' ', ' ', 1),
	(806, 'Sandya Santhosh Shetty', '#457 11th "C" Cross 3rd Block,5th Main,BEL Layout Vidyaranyapura Bangalore-97', '25-DEC', '2015-09-13 17:37:48', ' ', ' ', 1),
	(808, 'Geetha Seetharam Shetty', '"GANESH ANUGRAHA" Maarali Mane, Post Nalkoor Udupi T.Q', '27-NOV', '2015-09-13 17:37:48', ' ', ' ', 1),
	(809, 'Smitha P.Shetty', 'C/O H.B Shetty, C-407 "Raheja Park", Magadi Main Road  Bangalore-79', '02-FEB', '2015-09-13 17:37:48', ' ', ' ', 1),
	(810, 'Reema Shetty', 'C/O H.B Shetty, F-308 "Raheja Park", Magadi Main Road  Bangalore-79', '09-APR', '2015-09-13 17:37:48', ' ', ' ', 1),
	(811, 'lokesh raneyar\n', 's/o kutty raneyar Ganesh Nivas Hadankoli Kanajar  Post and Village Karkala Taluk 574102', '21-AUG', '2015-09-13 17:37:48', ' 9945229130', 'rklokesh130@gmail.com', 1),
	(812, 'Veda Amith Hegde', '"Angadi Mane" Kanajar Post&Village Karkala Tq, Udupi-574102', '05-DEC', '2015-09-13 17:37:48', ' ', ' ', 1),
	(813, 'Bharath Shetty(2)', 'Flat #1203,Tower #3, Orchid Residency Next to R City Mall, L.B.S Marg Ghatkoper(W) Mumbai- 4000086', '25-DEC', '2015-09-13 17:37:48', ' 9870484752', ' ', 1),
	(814, 'Hariprasad Shetty', 'Salmara " DeviKripa" Shankarpura Post Udupi-574115      ', '23-SEP', '2015-09-13 17:37:48', ' 9449936530', ' harpudp@yahoo.com', 1),
	(815, 'Savitha.N. Hegde', '"Patel House" Kanajar Post & Village Karkala TQ. -574102', '26-AUG', '2015-09-13 17:37:48', ' 9980025918', ' achegde@gmail.com', 1),
	(816, 'CA. Smitha Chandan Hegde', 'No.453, Ground Floor  11th Main, Padmanabhanagar Bangalore- 560070', '19-NOV', '2015-09-13 17:37:48', ' 9980025918', ' shettysmitha82@yahoo.co.in', 1),
	(900, 'Krishna Shetty ', 'Kurundbad Nithyananda Pan Shop Kollapur ', '29-JAN', '2015-09-13 17:37:48', '0', ' ', 1),
	(901, ' Veeresh Hegde ', '"Guptha Chawl Committee", Room No.105 Amrita Nagar, Near Gurudwar, AK Road Andheri (E), Mumbai - 400', '16-MAR', '2015-09-13 17:37:48', '09892078552', ' ', 1),
	(902, 'Basker L. Shetty ', 'Shri Siddi Co. Op. Hsg. Society Ltd. B.No. 69, Flat No. - 2321, Nehrunagar Kurla(E), Mumbai - 400 02', '12-JAN', '2015-09-13 17:37:48', '0', ' ', 1),
	(903, 'Ganesh Acharya', 'C/o. C. Muttappa Muktibai Shinde Chawl, Near:Shantaram Chawl Kurar Village, Malad (E), Mumbai - 400097', '02-JUL', '2015-09-13 17:37:48', ' ', ' ', 1),
	(904, 'Suresh T. Suvarna', '"Suvarna Kripa" P.O. Kanajar  ', 'MShrT', '2015-09-13 17:37:48', ' ', ' ', 1),
	(905, ' Sundari Shedthi', 'Melmudubettu House P.O. Kanajar  ', 'MShrT', '2015-09-13 17:37:48', ' ', ' ', 1),
	(906, 'Sowmya Vijay Shetty', 'C-501, Silver Oakes Vasanth Garden, Near Swapna Nagari Mulund (West), Mumbai - 400 080', '08-JUL', '2015-09-13 17:37:48', ' ', ' ', 1),
	(907, 'Sundar S. Poojary(1)', 'Astik Dyestuff Pvt. Ltd. A/8, Viral Apartments, 50 S. V. Road Andheri(W), Mumbai - 400 058 ', '01-SEP', '2015-09-13 17:37:48', ' ', ' ', 1),
	(908, 'Sampoorna Bhandary', 'Nakre Hosamane, Post Nakre Kukkunduru Village Karkala Taluk ', '6-DEC', '2015-09-13 17:37:48', ' ', ' ', 1),
	(909, ' Krishna N. Hegde', 'Dhake Colony, Buildng No. 8, II Floor Versova Road, Andheri(W)  Mumbai - 400 058 ', '05-SEP', '2015-09-13 17:37:48', ' ', ' ', 1),
	(910, 'Sahil Dayananda Shetty', '1/3, Masrani Mansion Halav Pool Hall Road, Kurla(W) Mumbai - 400 070 ', '24-OCT', '2015-09-13 17:37:48', ' ', ' ', 1),
	(911, 'Prajwala Pundalika Nayak', 'B-28, Nilesh Bhavan, Gograswadi Gate Dombivili (E) Mumbai - 421201 ', '01-DEC', '2015-09-13 17:37:48', ' ', ' ', 1),
	(912, 'Ashok Shetty(2)', '1101 Challenger Tower -2 Thakur Village, Near Mahindra & Mahindra Kandivilli (E), Mumbai - 400 101 ', '27-DEC', '2015-09-13 17:37:48', ' ', ' ', 1),
	(913, 'Ajith Hegde', '#56/A, 19th Main, Srinagar, BSK 1st Stage, Bangalore - 560050', '17-NOV', '2015-09-13 17:37:48', '9945849338', 'ajithegde.r@gmail.com', 1),
	(914, 'M. Shivanathi Shetty', '"Shanthi Nilaya" Pingani Near Parthi katte Thallur Kundapura Udupi Dist', '02-JUN', '2015-09-13 17:37:48', ' ', ' ', 1),
	(915, 'V. Santhosh Shetty', 'TEJASWINI NIVAS MIG 113, HUDCO Colony Manipal, Udupi Taluk ', '26-AUG', '2015-09-13 17:37:48', ' ', ' ', 1),
	(950, 'Manish R Shetty & Family', 'A/308 OM Shivakripa Bldg,D.S Babupkar Marg  Opp. MTNL College Road Dadar (W) Mumbai-400028', '01-JAN', '2015-09-13 17:37:48', ' 09892352456', ' ', 1),
	(1001, 'Kalpana A Shetty', 'Kanajar Doddamane C/O Ashok Shetty Flat No. 404 Vallabh Vihar Sector No.20 Belapur Navi Mumbai 400614', '23-APR', '2015-09-13 17:37:48', '02265260179', '', 1),
	(1002, 'Kanchana K Shetty', 'Kanajar Doddamane 5500 Fubge Terrace Missisauga Ontario Canada', '07-AUG', '2015-01-03 15:07:51', '9632895644', '', 1),
	(1003, 'Gagan Shetty', 'Kottrabakyar Mane Kanajar', '09-DEC', '2015-01-05 12:14:13', '', '', 1),
	(1004, 'Veer Hegde', 'Vishnu, 5/252E, 2nd Main, V P Nagar, Post Kunjibettu, Udupi - 576 102', '20-JAN', '2015-01-05 23:54:43', '', '', 1),
	(1005, 'Shashikaanth Sujatha Shetty', 'Flat No 5, Devaki Apartments,  Kamitkar Complex, 46/2 Morarji Peth Sholapura -\r\n', '25-NOV', '2015-01-06 13:45:09', '9869237387', '', 1),
	(1006, 'Krishna Poojary', 'Varasarabakyar Kanjar', '01-JAN', '2015-01-07 13:24:05', '9141621796', '', 1),
	(1008, 'Leher Hegde', 'No.501 Sristi Tower Shastri Nagar Kalwanaka Thane West Thane-400605', '31-MAY', '2015-01-07 13:53:00', '9819531033', 'pramilhegde@gmail.com', 1),
	(1009, 'Shriya Anil Shetty', 'No.402 Shethal Apartment Opp. Telephone Exchange Payanl Tokies Bhiwandi Thane', '11-FEB', '2015-01-07 13:55:05', '9323798700', '', 1),
	(1010, 'Hemanth Suryakanth Shetty', 'Block No 301, 3rd Floor, Subha Sandesh Society, 16 Hansraj Lane, Bycula, Mumbai - 400027', '24-SEP', '2015-01-07 14:32:02', '9892328482', '', 1),
	(1011, 'Shraddha A Salian', 'Deepthi Green C-1, Opp: Bombay Cambridge School, J B Nagar, Andheri East, Mumbai', '14-OCT', '2015-01-07 14:37:42', '9820646999', '', 1),
	(1012, 'Jugal A Salian', 'Deepthi Green C-1, Opp: Bombay Cambridge School, J B Nagar, Andheri East, Mumbai', '25-NOV', '2015-01-07 14:38:36', '9820646999', '', 1),
	(1013, 'Koosa Salian', '"Kushala Nilaya" Madibettu P.O. Guddeangadi Hiriadaka - 576 113 02/01/040', '19-NOV', '2015-01-07 14:44:11', '9869638896', 'kundar366@gmail.com', 1),
	(1014, 'Saakshi Shankar kundar ', 'Ashirvad Nivas Grd.Floor Opposite Nagardas Chawl No2\r\nJijamata road Pump House Anderi E Mumbai 93\r\n', '17-OCT', '2015-01-07 14:46:17', '09869638896', 'kundar366@gmail.com', 1),
	(1015, 'Sarojini R Shetty', 'Sarojini Shetty Compound Opp.Jyothi Complex Film City Road Santhosh Nagar Goregaon (E) Mumbai-65 08689890409', '14-JAN', '2015-01-07 14:54:11', '0967787961', '', 1),
	(1016, 'Sadvik Shetty', '1036, Sadviche, Rajajinagara IV Block, Next to Giriyas, WOC Road, Bengaluru - 560 004', '17-OCT', '2015-01-08 10:26:52', '9845353788', '', 1),
	(1017, 'Shrikha Melanta', '101, Adithya Homes, Behind Kadri Police Station, Kadri Hills, Post Bejai - 575 004', '08-FEB', '2015-01-08 10:30:51', '9845353788', '', 1),
	(1018, 'Abhishek Nayak', 'Angadibettu Pelathuru Kanajar Village Post Guddeyangadi- 576113', '12-JAN', '2015-01-08 11:09:30', '8748947044', '', 1),
	(1019, 'Prithvi Subhash', 'D 2, 4th Floor, Sri Sharada Apartments, MG Road, Mangalore', '22-OCT', '2015-01-08 11:51:55', '8123771589', 'prithvi.shetty@yahoo.co.in', 1),
	(1020, 'Shashikala Chethan Shetty', 'Pune', '16-FEB', '2015-01-08 12:25:41', '09175466523', '', 1),
	(1021, 'Shashi S Devadiga', 'C/O Satish B. Devadiga Sonkar Residency   F.No. 14 Kharalwadi Pimpri Pune-411018   ', '22-AUG', '2015-01-08 18:28:18', '099923731885', 'brahmacaterers@gmail.com', 1),
	(1022, 'Rhea Ravi Shetty', '72 B VIKAS FINLAY TOWERS Parel Tank Road Mumbai - 400033 \r\n', '13-FEB', '2015-01-08 22:32:58', '09821116906', 'ravishetty57@rediffmail.com', 1),
	(1023, 'Rajeshwari Uday Shetty', '82/2 flat no 18, vithu mavli complex, Dangad patil nagar shivne, pune 411023', '15-DEC', '2015-12-24 14:13:52', '9850776677', 'udayashetty16@yahoo.in', 1),
	(1024, 'Harishchandra Karkera & Makkalu', 'New Ganeshwadi Near Santhoshi Matha Mandir Kurar Village Maladi East Mumbai 400097', '26-AUG', '2015-12-25 13:13:11', '9454906579', '', 1),
	(1025, 'Surekha Dinesh', 'Moodubettu House Kanajar Post', '28-NOV', '2015-12-25 14:08:43', '9980896608', 'surekhaninad@gmail.com', 1),
	(1026, 'Subhashchandra Hegde', 'No.2437, Vidvarth Vijayanagar 2nd Stage Mysore-570017', '13-AUG', '2015-12-25 20:45:02', '9448978944', 'prof_snh@yahoo.co.in', 1),
	(1027, 'Sanjay Hegde', 'No.2437, Vidvarth Vijayanagar 2nd Stage Mysore - 570017', '07-JUL', '2015-12-25 20:47:51', '9448978944', 'prof_snh@yahoo.co.in', 1),
	(1028, 'Sandeep Hegde', 'No.2437, Vidvarth Vijayanagar 2nd Stage Mysore - 570017', '06-JAN', '2015-12-25 20:48:34', '9448978944', 'prof_snh@yahoo.co.in', 1),
	(1029, 'Ashok Hegde', 'S/O Sanjeeva Hegde Flat No.103, Satyasheel charkop sector 1, Kandivali(W),Mumbai -400067', '04-MAY', '2015-12-25 22:42:00', '9967835788', 'ashokshegde@hotmail.com', 1),
	(1030, 'Anuradha Hegde', '501, Beach Pearl, Sadashivanagar, Surathkal, Mangalore', '28-JUN', '2015-12-25 23:54:16', '9945935494', 'sandyhegs@hotmail.com', 1),
	(1031, 'Anand M Shetty', 'Vijay Park Bld No.10 Room No. 204 GB Road Kasaravadavali Thane Mumbai 60015', '03-NOV', '2015-12-26 14:03:57', '9967674410', 'shreebalajiprop04@gmail.com', 1),
	(1032, 'Shobha Suresh Shetty', 'Yashashri 1st Main 5th Cross Mission Compound Udupi', '01-SEP', '2015-12-27 13:53:14', '9902518248', 'shobhasshetty@gmail.com', 1),
	(1033, 'Shreyas S Devadiga', 'C/O Sathish Devadiga Sonkar Residency 4th Floor, Flat No 14, Kharalwadi, Pimpri Pune-411018', '27-MAY', '2015-12-28 12:30:08', '9923736099', 'brahmacaterers@gmail.com', 1),
	(1034, 'Shashwath S Devadiga', 'C/O Sathish Devadiga Sonkar Residency 4th Floor, Flat No 14, Kharalwadi, Pimpri Pune-411018', '01-SEP', '2015-12-28 12:31:39', '9923736099', 'brahmacaterers@gmail.com', 1),
	(1035, 'Ravi K Kotain', 'HIRA Complex, Flat No.9 2nd Floor Kharalwadi, Pimpri Pune-411018', '18-MAR', '2015-12-28 12:34:53', '9923089877', 'brahmacaterers@gmail.com', 1),
	(1036, 'Manjunath Shetty', 'Shakunthala Nivasa,Berke,Kanajar 574102', '28-DEC', '2015-12-28 13:53:54', '9900584030', 'manju88_shetty@rediffmail.com', 1),
	(1037, 'Priyadarshini M Shetty', '401, Symphony Apartment Attavara, Mangalore', '06-MAY', '2015-12-28 20:19:24', '9844960939', '', 1),
	(1038, 'Nischitha Ashwin Shetty', 'Flat no.311,A1 block,DS Max Serenity,Roopena Agrahara,Bommanahalli,Bangalore-560068', '22-MAR', '2015-12-29 16:47:48', '9986449541', '', 1);
/*!40000 ALTER TABLE `sashwathapooje` ENABLE KEYS */;


-- Dumping structure for table brahmalingeshwara.sevabooking
CREATE TABLE IF NOT EXISTS `sevabooking` (
  `Id` int(10) NOT NULL AUTO_INCREMENT,
  `Name` varchar(2000) DEFAULT NULL,
  `MobileNo` bigint(20) DEFAULT NULL,
  `Email` varchar(50) DEFAULT NULL,
  `Address` longtext,
  `Seva` varchar(50) DEFAULT NULL,
  `PoojeDate` date DEFAULT NULL,
  `Occation` varchar(50) DEFAULT NULL,
  `PaymentDate` date DEFAULT NULL,
  PRIMARY KEY (`Id`)
) ENGINE=InnoDB DEFAULT CHARSET=latin1;

-- Dumping data for table brahmalingeshwara.sevabooking: ~0 rows (approximately)
/*!40000 ALTER TABLE `sevabooking` DISABLE KEYS */;
/*!40000 ALTER TABLE `sevabooking` ENABLE KEYS */;
/*!40101 SET SQL_MODE=IFNULL(@OLD_SQL_MODE, '') */;
/*!40014 SET FOREIGN_KEY_CHECKS=IF(@OLD_FOREIGN_KEY_CHECKS IS NULL, 1, @OLD_FOREIGN_KEY_CHECKS) */;
/*!40101 SET CHARACTER_SET_CLIENT=@OLD_CHARACTER_SET_CLIENT */;
